DateTime,0,1,2,3,4,5,6,7,8,9,10,11,12,13,14,15,16,17,18,19,20,21,22,23,24,25,26,27,28,29,30,31,32,33,34,35,36,37,38,39,40,41,42,43,44,45,46,47,48,49,50,51,52,53,54,55,56,57,58,59,60,61,62,63,64,65,66,67,68,69,70,71
2000-01-28,952,603289,507,300523,511,300730,600237,300081,582,725,300553,606,300538,600228,876,300691,600299,300504,600317,300149,810,300536,600355,600345,300589,300726,300586,526,300108,420,300541,851,885,923,300527,819,765,600307,600321,300569,603180,615,600303,762,600337,600313,863,423,300021,300683,300659,300034,300038,554,658,581,300058,300696,603259,5,300697,603196,566,488,806,987,600901,753,69,719,601,951
2000-02-29,300730,300523,300179,516,606,600328,300649,603876,660,300560,430,300740,549,300726,300747,600345,600354,300582,300709,603895,631,560,34,429,300723,600306,600355,300605,300500,14,603607,409,600339,530,603161,300665,11,719,652,59,786,428,827,780,671,411,50,627,876,586,821,662,23,908,829,831,721,48,776,951,869,40,791,608,800,600901,610,35,601,712,545,507
2000-03-31,956,48,603300,600223,603090,850,603226,779,603881,78,543,300631,836,925,2185,592,300511,300133,600196,603259,418,862,600301,603860,300529,90,603197,300554,626,300575,39,600313,603180,300118,826,300530,935,300037,780,603189,10,950,899,609,520,36,300135,563,601,300520,600331,600355,552,539,526,300583,29,31,591,600,300691,603232,610,823,300144,629,521,300699,608,882,12,837
2000-04-28,507,300179,502,626,603090,300746,763,603879,983,912,603179,953,300036,300181,600258,600307,410,600234,900,919,48,523,300103,300543,300168,300149,906,1,833,300532,300182,300549,498,300539,600217,300040,300535,300621,600329,766,300682,600332,300534,637,300609,615,705,300169,300038,603603,488,603859,526,300158,666,9,47,600345,935,603605,300738,782,699,813,29,33,902,300699,12,636,692,756
2000-05-31,166,300726,603161,300730,507,300747,300523,15,544,300515,603320,603330,905,61,90,300490,603197,733,300518,300031,836,962,300731,300103,789,796,300538,768,300626,562,721,603259,917,300042,300061,730,603868,850,533,300532,31,710,300647,713,300691,895,678,300556,669,428,752,300525,510,2185,526,300528,839,300108,300651,603180,600328,621,300494,300701,915,885,9,751,300745,759,715,540
2000-06-30,603305,15,300515,300726,300747,300041,1,603090,48,300168,962,300676,603299,970,665,300050,300631,722,545,300690,911,600236,300118,603881,300509,570,532,600303,600351,300527,967,300081,758,955,300111,300648,812,300174,300636,300116,300647,300554,663,732,658,600881,603203,899,738,885,300682,300139,300620,33,31,88,603138,603232,600222,603890,631,300115,29,300679,300692,300600,528,300138,300700,600258,300745,507
2000-07-31,972,973,543,300119,603268,603858,791,300599,603167,300028,300098,603355,962,300122,886,300581,300540,848,600234,300506,863,300746,603179,300184,166,535,720,603196,413,58,897,600217,600,603322,603198,300136,600320,966,603269,573,701,13,300038,652,603358,667,669,950,799,977,300719,300167,300602,603878,609,300513,300183,588,300605,666,300721,563,300158,300514,703,957,300080,300617,157,300563,600332,603603
2000-08-31,502,603090,603101,911,1,619,757,300605,910,755,929,789,300551,300501,300612,916,412,880,600232,557,300119,300050,928,300725,300670,300553,937,300172,300114,300543,826,820,603179,300017,8,603606,667,603612,795,43,49,603887,300691,300527,610,20,300593,300133,300600,715,603188,300091,529,300540,554,300092,603605,632,600322,300163,603286,609,777,300563,2185,603883,603158,603223,751,300018,300598,603860
2000-09-29,603366,603161,603895,300523,300515,300617,543,600316,531,760,300687,300591,300182,417,300058,300626,300529,603330,603169,906,603198,300553,546,789,300550,905,962,300722,603856,300615,603889,603355,300118,603158,300031,521,20,672,603876,937,300563,300741,951,300692,667,29,570,300022,600933,515,411,300592,300698,526,751,603303,806,300525,632,660,600303,300604,603603,428,756,961,598,300628,300072,686,725,932
2000-10-31,852,603895,702,300015,681,300535,300019,752,839,603165,767,300091,300722,300687,300507,882,695,300504,626,300143,524,603305,300636,603101,429,300493,300510,766,300615,2840,300082,300641,300621,300585,300631,651,977,430,970,667,603890,902,603303,300227,300108,300038,660,569,300550,863,823,300622,721,300097,20,603603,300683,600301,893,300137,2186,300670,300540,548,600346,300698,503,785,300700,603228,300691,688
2000-11-30,603306,300279,603348,603895,543,603199,626,815,300569,603090,1,300699,725,603858,300107,603181,972,882,603233,300029,300204,802,603169,603356,925,929,425,572,603179,981,603301,300650,88,603866,300662,300567,667,583,682,509,300686,300507,300636,300137,300525,300162,817,719,761,503,300093,598,600332,300064,300531,2186,300538,983,603189,618,300627,923,68,300504,300496,419,300013,300570,590,600301,300580,300028
2000-12-29,603161,603895,603106,300627,535,663,839,603869,300703,670,300111,600311,598,709,300539,37,809,936,300660,40,300022,300002,503,672,698,300746,938,603186,603167,600298,600217,901,603359,621,921,415,587,300565,300513,90,671,300708,603189,778,300741,300585,300604,583,411,2185,600255,825,300041,632,300504,300503,913,300540,982,603380,967,928,300552,300012,300569,300163,300507,300591,603886,300620,300679,300600
2001-01-19,300523,15,300730,300590,300535,551,603871,626,789,65,619,663,8,12,333,779,300528,603608,903,618,826,600237,300658,300567,730,300038,722,603612,695,782,543,600327,300610,422,300022,300533,300552,933,603099,300666,300144,300575,585,603268,811,600355,48,300636,600328,613,300621,300553,777,600235,300559,300569,78,300284,919,600223,300531,300530,511,603429,300132,603605,9,300593,300735,807,300716,300607
2001-02-28,300450,300523,300726,603161,300747,507,300730,15,300595,543,626,603269,300057,831,903,886,300615,972,300677,681,300688,300647,619,300671,600939,300041,766,300129,603186,603168,600309,300143,411,300029,553,611,300636,667,600299,603871,975,300736,533,778,300641,300617,300137,29,425,300616,725,663,48,49,300737,300508,300565,300098,18,300585,603180,608,300570,526,603612,300584,300507,300503,510,300504,2186,863
2001-03-30,543,626,603159,300329,603338,300588,300080,603556,603129,979,300179,860,300647,607,300159,514,300259,300680,600239,420,603300,300030,603880,876,603377,300115,600232,300651,300092,603861,950,767,962,300143,603177,955,603367,555,300712,7,600225,300184,300513,817,780,549,423,430,37,602,43,300660,600322,526,569,300713,300732,603178,47,672,300681,710,300737,795,300013,20,300600,429,603889,300689,603883,9
2001-04-30,603895,882,626,300241,300677,300184,603101,300029,5,603881,300159,16,300033,61,610,300618,60,783,860,600197,600237,806,603365,300114,931,600231,603283,603286,819,798,300062,300088,565,603858,600195,603890,300721,603416,546,300100,603386,300700,300249,736,716,7,603367,300504,300741,300655,300493,300735,300529,300652,816,300503,300017,594,300508,600299,8,300708,603608,300495,300106,598,300639,733,600321,300596,603222,603612
2001-05-31,507,540,530,582,300611,300730,300726,300747,550,300709,603895,600333,3,300523,626,543,603378,603881,300649,603300,783,603157,300541,903,880,300602,27,603090,622,567,514,600196,758,603598,300675,300699,300616,628,594,300568,600235,862,300513,300238,300106,300737,300736,603131,603367,300491,938,300263,300683,300647,583,300609,300088,791,552,300503,300508,600302,600315,603196,300578,300713,300093,300509,300672,35,603269,300555
2001-06-29,300344,582,300730,603895,507,300726,422,300027,603159,667,982,929,603879,600250,739,975,300746,300133,300143,815,600297,611,848,970,300592,300541,673,626,600255,603188,300669,300534,603177,913,895,556,300034,300503,600249,600312,300516,600236,672,600901,909,532,885,603859,603612,300656,600333,600351,408,300620,584,603300,603298,300527,300563,600258,35,603303,300740,300507,603368,300636,300510,963,603180,939,565,603869
2001-07-31,300738,300611,300726,606,300709,15,507,603895,300649,3,718,543,626,603329,519,300629,981,815,949,782,548,730,300597,913,603159,37,300128,603879,732,789,596,300701,915,510,425,603881,300590,603229,300622,300016,300091,300546,300606,600333,300132,608,65,836,667,679,600225,300494,603218,300504,300127,603338,300612,300719,300530,600261,35,756,300118,46,300509,625,953,408,300553,300563,600233,600241
2001-08-31,507,3,603895,300611,606,15,300747,603520,300726,551,300738,603168,300595,619,815,793,611,300627,603879,300059,300541,300615,885,300093,603223,603199,543,300551,603117,300305,626,338,681,603157,603159,655,300511,39,878,603177,300586,300491,732,35,753,300284,2187,300697,603232,554,300496,600355,300041,300622,600223,300579,727,426,300133,300641,300563,300735,569,300618,300293,300038,600233,600311,66,300599,588,603869
2001-09-28,507,530,606,540,300649,407,300747,551,603895,15,300738,3,300611,603161,626,603168,737,300615,603269,503,725,300535,793,300632,20,543,300093,816,809,692,419,300014,590,300627,868,603098,300520,603456,603266,603367,603311,659,802,569,403,600271,300098,401,300665,300707,300516,603189,603888,300319,300038,300662,300660,300570,958,300717,300531,300494,928,603885,300580,536,600320,937,300521,806,300689,428
2001-10-31,3,603895,507,530,550,15,300611,300709,300747,653,635,300649,300635,30,666,17,680,603161,639,603888,411,529,600327,300730,14,7,600339,300593,300745,828,407,300633,300738,600306,540,300500,766,675,686,600326,835,603890,621,786,603238,600841,603360,300606,166,504,962,603358,717,877,300634,709,300018,751,603877,300600,765,603444,785,300158,605,960,29,657,300080,300134,300576,300002
2001-11-30,300298,3,600329,300709,603895,300747,626,300627,619,692,603168,603117,300682,300551,667,603886,818,632,611,885,300535,831,300002,793,600230,514,633,9,503,61,603098,523,600196,603269,300237,534,10,610,603166,551,300691,40,902,300174,300605,300711,603612,526,35,600312,603259,603169,300102,600901,300091,300588,600309,150,300708,38,300571,300698,300062,300061,300548,405,300111,603228,603214,673,300313,2187
2001-12-31,3,407,550,540,603895,603168,611,503,959,603277,889,300122,910,300169,892,699,603289,650,736,549,430,60,603233,555,603306,603269,300398,600234,300738,552,796,697,19,404,667,708,603886,600312,715,603283,862,300091,588,877,603199,600282,300249,300583,868,597,603139,300698,498,628,507,300549,300390,600261,300058,55,300625,300027,600316,686,300489,300459,300599,28,603298,600326,591,300590
2002-01-31,3,300709,300611,910,300738,606,603895,300747,300523,626,300122,534,603168,300014,300627,543,603198,300551,603159,419,300116,667,799,300550,603098,600235,300536,893,888,511,300569,815,12,503,300699,967,300138,675,300697,166,732,721,832,300667,890,798,603189,43,960,555,930,36,507,901,902,408,987,603180,488,802,426,603858,600841,300692,561,617,723,517,630,763,603869,728
2002-02-28,300747,603895,910,626,603168,419,543,300687,629,300627,300551,603197,534,587,782,300536,300596,510,300743,300096,603101,533,300635,882,681,603886,300550,2185,300666,300014,603178,603585,511,603877,300318,300725,300530,555,776,300559,909,600841,761,590,584,552,300097,300583,600262,300534,652,300122,405,755,300034,597,300082,506,8,5,915,300532,300036,300599,600297,637,736,728,965,551,300228,401
2002-03-29,300430,603895,300523,300726,300747,300730,603161,626,543,300629,300627,300002,831,603168,88,300069,300635,603363,419,836,603198,603886,300031,600196,300581,825,603238,300509,573,603159,757,887,708,300665,535,300229,600240,300692,875,300644,49,751,8,300691,300057,791,721,600332,300590,917,565,637,542,603157,300526,411,300697,603188,300117,600322,953,300585,300072,517,630,10,300695,29,527,930,9,850
2002-04-30,300611,603161,603895,300738,419,603168,626,300627,681,603322,619,543,600939,300014,300743,603585,603886,663,300417,888,603123,603399,300064,603098,603101,603331,535,600296,959,603100,300320,300536,830,402,300027,300011,795,761,13,300507,603266,300504,300495,300708,300730,603208,300713,599,544,12,20,600297,300739,300726,300037,300555,603239,300513,300585,300736,300747,600303,617,300691,755,949,603199,300100,300523,637,408,56
2002-05-31,603517,530,603895,407,666,603858,300745,550,47,300599,680,300611,300633,300709,300649,600339,576,300519,603882,606,3,635,588,639,540,626,300627,300671,667,543,603159,300014,600353,573,300295,859,955,599,875,755,300590,620,569,300660,12,405,300077,300523,58,591,300592,300636,541,429,687,603608,406,810,889,603232,600901,300697,300730,583,300726,300625,300738,545,300679,691,507,603239
2002-06-28,300745,300599,300649,600339,576,551,47,603858,603882,603895,300519,300633,588,635,639,540,666,680,3,606,300611,600253,534,603098,300143,692,300550,868,603159,300565,300635,12,300096,603303,408,610,300610,760,422,300520,600225,300602,823,515,68,621,300641,691,603238,300490,983,898,567,753,547,300005,603239,501,603887,300159,300115,678,965,600255,603869,603355,885,300579,903,300002,300709,530
2002-07-31,300428,603895,300519,600339,680,666,603882,639,635,47,300745,300649,300599,540,300633,603858,551,576,606,626,603168,300627,300664,419,32,300119,603357,798,300102,600881,918,830,980,151,300029,300204,300590,300556,601,4,603355,300729,544,300012,600354,850,300313,549,722,488,603269,300707,300585,78,603609,300597,300543,300499,58,599,935,300034,587,300690,300698,556,300628,300513,603861,35,557,300611
2002-08-30,680,47,635,300633,603895,300599,639,551,300519,666,300745,300649,600339,576,606,619,603559,626,600285,419,603168,300743,603159,815,603308,543,600331,600313,300259,418,603603,498,534,689,300627,300727,600225,862,869,32,700,300233,415,38,603181,300284,596,300665,598,549,557,591,603882,300661,982,28,913,726,300738,660,685,951,651,502,825,603316,795,300523,791,40,410,540
2002-09-27,856,300121,680,300649,576,551,635,637,639,300519,47,300599,606,600339,603895,300682,600331,534,603389,816,626,603168,600234,573,603208,300027,532,926,603886,600239,925,543,300607,300239,600288,300548,888,300731,600338,959,46,10,60,488,600289,825,600292,300708,7,20,300005,19,300660,300553,567,31,300661,5,9,300505,58,18,56,801,686,300652,34,839,29,33,40,300633
2002-10-31,47,300563,551,985,300599,603895,600326,637,300649,300451,300519,626,603168,300743,26,667,931,419,543,603277,534,300627,300625,918,981,573,603416,603886,603159,707,809,928,600,692,600331,600229,603358,603888,300183,300554,633,20,300136,300132,300269,300318,300652,600355,300093,300666,65,29,12,795,300611,300096,31,300729,691,300615,300660,708,300698,507,603266,68,603289,300106,825,880,902,606
2002-11-29,300563,985,300519,600326,47,603895,300599,637,300649,551,600331,603168,619,692,419,61,300627,534,626,967,533,543,893,882,603198,300058,793,600234,300743,629,300727,300031,603098,300629,600235,600,300432,300648,776,300451,752,603159,600343,59,600297,520,300269,600312,829,300430,4,701,603298,300429,825,19,300478,572,99,300578,779,300319,603323,300568,300061,600901,300543,300715,300697,552,300628,709
2002-12-31,600281,300563,819,603895,300599,47,985,300519,637,300649,626,603168,600272,534,300629,667,603117,419,629,543,300024,762,621,611,603883,797,300050,600195,603128,300627,300229,603330,785,603106,88,600296,665,718,603308,300716,890,300543,763,908,750,935,677,300730,603311,600223,300538,300690,300570,34,552,2187,300365,920,55,600345,888,78,627,300322,300671,603871,18,300742,300662,755,300557,551
2003-01-29,603567,637,300563,985,603895,47,603886,626,419,603159,600,603198,534,300627,300536,543,300629,61,603168,300658,300433,600233,600230,600331,300604,783,667,300096,300074,300722,300027,831,300050,629,300687,631,603501,63,300514,300498,856,50,1,300589,300496,300269,603323,839,300670,300579,300571,825,49,600296,799,430,300705,300665,300469,300163,603611,300747,300481,488,158,915,300698,300109,300628,603128,300006,300649
2003-02-28,603895,985,819,47,600329,300563,603886,626,419,300629,629,603168,300627,300237,533,967,603577,831,300535,603159,625,600230,425,26,300710,88,300027,300635,300315,300547,300093,549,667,603585,300279,603198,600291,300094,300532,603197,895,710,300284,90,608,600267,975,300571,600262,42,300498,300082,300549,603303,531,546,716,300679,300671,691,300399,600272,888,600261,596,603228,661,600302,933,300639,932,719
2003-03-31,816,819,300563,47,603895,818,600329,603886,626,419,603168,300627,300506,783,603578,300536,600315,667,300682,300554,511,300535,629,300013,300743,609,573,793,600233,603501,300664,603198,300736,598,603566,586,300582,603159,300577,806,300006,531,16,608,549,300551,300503,506,603520,150,27,600896,300552,697,300695,300707,981,552,888,300030,603199,557,300672,677,799,300102,596,603323,300481,300662,603126,556
2003-04-30,300555,600329,47,816,818,819,603895,868,300563,419,626,300629,300627,603168,534,554,631,573,300686,300658,603577,300504,543,300706,510,38,892,300181,300338,828,300635,300536,603198,300612,603879,600272,627,711,300499,603517,591,300041,600261,539,603090,411,300651,430,901,603196,300069,603866,688,600331,603536,300600,692,522,603103,600303,603385,300656,790,300183,300229,600247,300006,544,300543,917,725,603316
2003-05-30,300326,554,408,47,300599,401,603895,868,610,819,300633,603603,300735,300641,818,600329,816,751,832,300588,300555,600222,669,300537,626,603168,573,419,603886,600235,300627,952,793,300295,667,510,663,603557,300372,300480,805,21,300660,522,603233,603337,628,760,300737,300109,300033,55,851,410,675,300233,300696,897,600322,66,534,850,300685,980,300578,603348,19,912,603580,707,866,810
2003-06-30,600243,603505,300622,600222,751,554,300537,300588,600329,868,603895,603603,300555,300641,832,610,669,816,401,300633,300735,818,408,626,629,819,603168,300627,600,300573,667,300339,631,603886,603383,601,893,829,603319,300204,300723,885,761,300664,600297,805,300098,300563,300011,300183,300513,33,600292,823,817,839,600255,663,300725,300737,55,300545,300540,300525,603557,968,600299,300131,789,799,300509,300699
2003-07-31,300735,300633,554,300537,408,603603,600329,401,832,300622,816,669,300555,610,868,300588,603168,626,300635,603886,667,300489,300682,629,300627,300348,300705,407,603286,300108,300121,779,300378,609,603855,783,603266,90,430,300548,603363,300498,603331,603283,603557,300481,608,300730,660,707,31,300695,936,976,33,300117,300554,300598,658,300721,300576,603166,300510,730,859,975,603518,866,736,300589,300131,603895
2003-08-29,300440,868,300588,401,300735,816,669,300537,554,610,300622,603603,832,408,594,300633,603168,626,629,300024,667,603882,603879,300627,543,959,603277,2840,600256,300295,603881,925,300108,600197,300569,600235,603878,603208,761,419,776,611,300128,912,300600,859,300620,300611,600313,49,600299,603612,603157,556,569,58,779,300738,300309,603398,300590,300625,600292,300509,603579,819,603228,300737,300722,603895,715,961
2003-09-30,300334,401,686,816,669,408,300622,868,594,300675,300537,832,300735,554,300588,798,603168,667,603886,631,733,300635,629,600233,598,959,600354,300506,300535,600267,300315,300569,300682,548,626,519,600247,300616,688,778,300702,933,406,685,603444,300015,300037,300590,603895,300520,726,600343,300440,600277,600313,600242,603499,300731,300603,300354,300074,676,14,802,300580,603196,300538,603333,581,300257,300227,603603
2003-10-31,300588,932,401,832,686,816,554,868,300735,669,892,798,626,603168,300682,300298,629,667,511,300049,300237,548,543,600240,670,603886,603179,603159,300627,733,893,918,603111,519,596,531,856,581,300365,601,600317,603598,300352,910,603396,300576,603876,415,760,819,300536,300058,603895,300589,300697,949,19,859,603315,799,603488,536,9,676,300378,300630,300082,300612,965,603869,300550,652
2003-11-28,300424,892,686,300735,932,798,300588,401,832,868,967,626,300027,629,300627,300399,600234,543,531,667,600233,959,596,603198,300682,625,513,300569,631,603197,300681,300743,603585,300535,600939,300013,737,300295,300652,300684,750,603158,600297,718,603557,300061,300511,603889,603323,826,825,778,603396,34,963,813,300154,603,300548,920,300661,300550,300030,300637,619,603533,300718,300578,300582,603316,519,603869
2003-12-31,401,798,300588,600329,892,868,667,300282,626,603886,548,300729,629,631,300013,600233,300027,549,600939,300743,952,300706,300639,300682,600253,573,300569,698,793,543,300627,300629,596,300538,603589,300626,300241,300016,603329,600293,675,411,600302,300329,603197,300136,300495,23,300458,603232,300163,300548,603363,300660,300695,685,300489,788,300072,300038,300074,158,300555,552,750,300712,300342,603308,300606,300413,300122,300735
2004-01-30,600257,401,892,300588,300627,626,543,667,300569,629,549,300743,600233,300027,893,593,300013,510,300501,631,625,429,831,511,600234,600939,886,300535,300109,978,887,600279,890,300687,300237,65,300540,909,300550,600286,300702,300598,300292,600322,300300,731,628,300137,603386,300596,603557,406,300012,600278,813,300680,300739,300014,571,300158,600229,600236,300061,920,300729,400,300745,603260,707,520,603305,868
2004-02-27,300138,300588,401,892,667,626,300027,300268,543,300743,603098,300359,300008,156,758,815,833,300627,603520,300136,762,629,300304,803,600237,300339,300618,595,900,300234,300491,300711,300040,300293,603600,603386,920,967,300012,6,601,600235,300538,603266,300284,300307,300654,300699,300718,300737,300521,410,45,603232,765,7,710,801,300266,300525,56,569,600346,70,698,20,515,300571,300163,619,534,400
2004-03-31,401,300588,300258,603603,892,667,626,300743,511,600234,629,300357,603886,300399,549,600273,793,600233,300569,600295,300199,300384,300629,548,839,300382,818,300098,603598,300615,300374,300123,603499,600260,733,603518,672,45,300359,600219,603477,300535,600346,300042,300307,300658,761,953,50,927,553,616,800,603222,4,670,792,7,55,778,300733,300624,603229,300636,300071,300722,565,546,889,300158,822,603233
2004-04-30,892,300588,555,300559,300258,755,721,603603,300399,300027,300658,626,61,667,422,600345,300440,300031,603388,903,893,300008,300566,528,300661,603099,611,300536,603326,603226,762,600296,300082,948,625,603338,731,2805,300717,300498,687,776,300368,300013,929,430,738,300604,300746,300132,600235,799,603348,552,715,65,300624,726,300370,300569,300509,300279,600337,693,600317,300333,600,603186,509,656,897,300097
2004-05-31,300505,651,300503,686,300588,300138,300560,300559,405,603603,932,603858,603131,300521,600303,892,300258,721,603871,630,603887,13,603608,755,555,603303,613,300027,667,300719,300658,600285,738,300399,300008,600234,300092,600219,409,603208,600333,603517,672,29,698,300022,516,300578,603926,603368,620,300183,300609,565,38,750,584,600346,513,300262,300659,300093,300169,157,300536,300662,300494,795,400,300520,300057,603239
2004-06-30,603601,990,300003,999,997,300505,405,300588,555,613,630,651,686,721,755,603608,603858,300560,603887,932,300258,603131,300138,603303,603603,300559,603871,13,600303,300503,300521,300399,667,893,300743,629,300093,603926,556,603196,2189,300368,300231,300078,300284,300530,626,600273,300142,603138,2805,600231,300569,300199,661,300707,38,603229,300534,513,300027,300012,300108,544,300750,603228,300739,300038,590,726,600278,892
2004-07-30,630,603131,300258,300505,300521,651,300503,49,755,603858,600303,405,721,300588,13,932,300138,613,555,603887,603608,300560,603603,603871,300559,686,667,300743,629,600354,300658,300237,600313,300506,300671,677,300362,603477,603601,34,300659,603166,300627,300346,1965,600235,19,300365,300399,45,300461,826,1896,300569,300478,300338,300012,603926,893,300027,300630,578,300330,300723,300604,977,623,300622,626,599,603895,300034
2004-08-31,651,755,721,686,603887,49,603608,603871,603858,300138,514,630,613,300560,932,300505,603131,405,300503,300559,300521,600303,300258,555,13,629,300743,549,631,600939,677,603328,300449,603879,548,600253,300118,300659,300478,600233,828,603337,600009,300738,600319,698,658,889,300119,56,683,300723,893,707,300072,300508,300496,802,600239,300742,300074,300434,803,300589,600278,676,300611,728,825,923,936,736
2004-09-30,755,300138,932,405,603871,300678,603298,603516,721,686,300560,300559,603858,300258,651,13,630,603887,600303,300521,613,555,514,300505,300503,603608,603131,667,677,549,629,300449,600354,793,603110,300658,300747,603600,300687,970,603320,421,300696,603313,603303,603133,406,300310,300586,300137,300595,778,600250,603260,663,300499,300460,300536,603139,603198,893,603880,802,584,603233,698,603557,300162,539,300233,603444,300305
2004-10-29,555,300678,603298,603131,300258,603516,600303,300521,300138,630,514,405,603858,300505,300503,755,300237,300743,932,629,300449,631,948,300686,667,300631,603100,603881,603860,818,300032,603386,815,883,600309,603203,967,300581,300310,300639,995,600278,300592,300294,300115,600261,603596,300580,603303,603885,893,300107,300604,600346,300491,600262,542,26,776,413,545,971,600291,859,506,543,600312,557,600331,603886,300550,300233
2004-11-30,300258,755,405,603131,600303,555,300505,300503,630,36,514,667,300237,659,300743,548,300184,300002,603123,629,839,757,300259,600353,820,699,818,603306,300615,720,600316,603860,300110,600197,402,96,50,911,768,429,300695,300545,300504,509,300027,526,411,553,300541,300432,300313,300552,513,300525,730,863,300374,590,599,544,300295,859,300664,300379,413,950,938,300679,300152,787,723,603320
2004-12-31,405,555,755,630,300005,667,548,300682,300334,300743,611,425,300686,603319,300501,603305,300320,300449,603596,300717,609,300110,600309,300241,2798,300617,903,600313,300711,625,300002,603208,913,603090,300370,603258,416,300647,603158,703,155,300013,603166,300720,875,300657,300038,300621,300541,895,905,300705,731,300041,565,785,50,516,300635,600219,420,300557,623,571,584,300269,987,300057,563,600331,956,603131
2005-01-31,555,755,300678,630,405,763,667,603577,300686,653,300615,603322,300184,300449,631,531,659,908,600313,603607,677,300320,300382,300658,820,300229,600316,603860,2798,300323,625,603528,611,603496,300227,300583,42,668,428,859,300496,995,569,599,300525,300547,603200,600219,825,971,510,557,300027,603183,603556,300622,300338,300107,520,802,300536,663,300167,821,300586,7,600333,987,787,875,912,300305
2005-02-28,405,755,555,603612,630,300678,667,300449,631,618,549,791,300658,300335,600234,603577,300008,418,603330,603380,554,300050,603589,603516,300419,600306,852,798,37,603860,836,603203,653,300501,300032,2798,603183,300006,300182,300604,300597,544,300368,300687,300063,300602,603386,300338,716,600337,50,593,600239,300516,100,603159,707,603188,300722,966,971,300652,158,600290,300696,600232,600287,300745,600271,956,810,603333
2005-03-31,603612,630,555,405,755,300678,667,2005,603105,549,950,428,793,509,300234,719,300615,611,530,300471,300127,603098,603515,603203,603866,300658,603860,603566,603123,669,537,300681,815,631,603338,603879,961,600232,911,55,300429,300683,731,300262,300504,300604,300012,300592,300662,828,2806,300697,300241,300523,600237,19,973,600262,568,300082,917,600219,300307,779,300282,600322,598,300561,11,600338,861,603177
2005-04-29,2007,603612,555,755,630,405,300710,631,600313,300615,793,300315,603161,669,300002,573,300032,300633,682,300683,600316,535,612,300658,600320,915,300233,600290,603860,300546,603305,300152,593,300204,860,603299,300126,300169,543,952,11,158,600319,600232,561,603177,655,628,300715,507,300412,571,300006,556,300295,813,600302,300409,603232,300578,897,548,691,18,300263,778,300123,300520,300313,893,603869,980
2005-05-31,300652,405,817,600354,603612,755,630,35,300641,612,546,300642,300590,709,300737,300526,300507,555,600311,822,590,759,300689,600345,529,2011,667,300743,757,300237,300019,782,2010,932,600282,783,600322,603214,927,300639,300655,300007,996,660,600234,300359,300690,600009,300520,300072,300593,738,300635,50,410,300666,683,826,584,300604,987,300110,977,960,587,518,600225,300124,300344,693,48,920
2005-06-30,546,300641,555,300737,709,35,600345,529,755,759,600354,603612,817,822,612,300590,300642,300652,600311,300689,630,300507,590,300526,629,603277,793,631,848,581,300237,689,300740,25,623,780,715,720,603196,300620,403,300434,300601,603601,600016,2007,569,300709,300338,509,600009,300736,300141,300152,603387,300314,925,300006,300670,985,661,300042,300169,603258,603129,603116,2002,652,410,552,603876,603518
2005-07-29,555,300689,817,300590,603516,300737,529,300507,600311,822,630,300641,600345,755,300642,759,546,603612,709,600354,300237,631,629,300050,618,616,603860,600197,600234,783,611,300330,300650,300615,699,300527,977,300580,927,760,300338,763,300561,11,410,603329,910,300258,600,729,61,300494,300510,300016,600219,798,407,300606,669,605,534,514,300082,423,603869,300684,778,603444,29,400,600225,968
2005-08-31,61,600345,817,822,759,709,600354,603612,300689,300507,995,300623,300737,630,300642,300641,600000,529,600311,555,546,300590,629,793,300237,600230,300581,699,300686,631,300699,618,815,600353,300632,603366,592,300384,600275,728,539,603886,661,23,300606,528,910,300091,559,565,600225,300327,300262,300708,300104,300006,600008,2798,603556,600003,616,600265,300461,1965,600011,300400,603616,300725,300470,300608,300289,603500
2005-09-30,600345,300737,555,416,822,546,630,300689,300550,817,300590,529,300641,300507,603612,600354,300642,709,759,629,300002,2798,806,603399,600196,300685,603555,300183,603110,793,937,603123,1,762,533,836,300523,300601,300093,300042,825,506,300461,603393,799,626,300131,300022,300500,603305,300024,603429,423,300204,300469,300616,300074,300327,300078,300424,911,300320,560,600933,300636,411,810,636,568,603333,995,300623
2005-10-31,300113,546,300737,822,300507,600354,905,300550,999,586,300294,300613,1979,603456,600012,2004,2015,2013,709,300689,915,2009,630,600010,594,300112,300509,59,686,300480,622,629,600197,300237,300003,720,300300,407,958,553,600322,300747,300041,300238,918,710,909,419,300634,859,600208,603315,300374,729,600227,411,300695,660,300334,300372,300568,591,300731,767,528,930,656,603517,603558,603311,603869,300641
2005-11-30,566,586,698,546,510,709,593,300131,603456,630,822,300737,300689,300237,600269,629,300339,300050,603222,573,300417,631,45,300129,594,633,783,300686,710,757,603128,603416,300615,600295,2,838,603133,300335,300367,600343,973,600225,515,807,777,956,605,300022,603338,300102,300363,738,600333,300141,300320,561,300703,2009,936,919,626,300082,687,603518,2004,2003,600009,600007,1979,999,600354,300507
2005-12-30,300563,25,300689,300713,533,822,796,603588,70,630,607,300735,300737,543,300711,151,300508,546,599,603507,56,510,300384,300553,806,753,300315,300743,631,610,300644,603359,600297,300686,603197,90,300121,300320,300360,655,300428,513,667,300179,19,662,858,300448,603311,605,603301,300309,905,300005,578,600326,678,603922,885,49,960,603387,300567,862,300365,300566,300395,300691,600256,603586,63,709
2006-01-25,600273,300077,300585,300106,826,822,600222,300014,600237,600299,300241,100,698,688,630,300707,600288,603,300710,422,300481,546,544,543,29,858,751,603168,300538,11,300550,300743,300569,561,610,631,300639,300718,300032,300384,300382,157,300179,300114,831,300711,300713,300093,897,300349,300128,70,2807,300363,599,151,300723,56,300310,796,300629,600297,601,922,300530,603588,90,588,300508,6,300553,300737
2006-02-28,300016,600287,546,300650,921,33,300585,36,300448,300707,428,415,300279,300654,300122,822,300551,300550,603559,300139,412,573,959,600248,603466,982,630,732,836,100,300022,11,300494,300011,14,603496,716,603323,638,300106,300699,300469,600257,837,2189,300743,300538,600273,600237,908,300078,858,300149,300014,600222,99,300241,31,827,603168,600279,32,816,300616,600266,29,544,752,603918,300710,949,600299
2006-03-31,636,27,901,300585,300397,603607,630,33,705,300312,300550,628,768,300556,300013,300732,43,603399,600348,603393,428,300030,603580,603603,300417,822,600881,876,300699,300521,300144,300675,11,300040,603929,603100,568,300097,600275,826,719,600319,688,702,300082,513,546,692,600241,545,300438,603466,600229,300731,522,300577,300518,852,748,300626,600272,951,300510,46,936,603377,300266,36,603499,603555,300172,300440
2006-04-28,300513,551,603358,549,540,300354,938,528,300030,603308,600343,669,935,300133,603278,898,510,810,300596,300318,430,300013,300504,155,2806,300585,300581,300282,300297,404,556,603919,822,300126,705,300135,300352,736,603357,417,300037,78,300521,28,43,600337,603189,603239,33,50,583,901,603458,600320,600351,603926,821,428,725,603599,300575,300062,765,600317,55,338,300324,603223,600353,628,300299,732
2006-05-31,802,623,603158,910,630,409,632,636,300612,300367,300057,603578,917,672,155,300586,830,300585,689,300318,300314,695,300126,603618,300652,507,603861,603866,551,603876,887,300142,538,572,603105,586,300292,600280,62,603233,300707,300322,559,766,300664,718,300355,300600,600223,576,600289,899,300513,720,792,603167,758,300432,761,12,300747,300135,603266,603603,898,300133,430,300700,300199,603396,300013,603883
2006-06-30,300652,300057,910,630,300532,300233,632,971,600219,882,689,875,300719,869,623,662,300612,300137,300142,795,300143,300585,155,156,848,839,300154,300167,822,861,300519,300690,603618,300495,300030,300314,40,300481,930,603186,603336,600312,549,300367,600332,603158,300637,866,600235,600271,300346,567,410,603871,800,300586,603861,300675,737,551,300269,597,556,300397,300740,830,300282,600298,802,730,851,917
2006-07-31,300519,300741,795,760,300715,733,705,689,672,636,632,630,623,616,615,612,600309,300652,600933,586,572,600321,300612,526,523,510,505,429,300585,300580,300570,603866,801,861,300167,300143,603501,300154,603258,300573,603300,603917,300634,503,603378,603936,156,600359,603557,300259,300726,603398,300335,300532,695,839,300295,603166,603268,608,863,300107,300671,669,848,300501,662,300661,403,300695,603609,300437
2006-08-31,882,881,603200,603356,952,861,603600,300585,2803,300096,600219,572,586,42,587,956,300137,600251,603606,300652,300659,300665,405,300676,429,750,300612,300741,510,300601,300030,523,526,505,155,928,600236,791,300713,678,300573,801,300654,603300,300102,603881,603611,300013,300658,983,603363,603139,970,1696,507,300569,603159,756,576,591,675,552,669,409,877,29,793,603227,300583,600346,625,603358
2006-09-29,603335,300601,300672,882,689,523,300696,300519,861,510,300057,300228,505,300741,429,682,600263,760,971,155,603600,765,300561,300717,983,300733,300074,799,787,300233,603356,612,673,795,603311,952,598,300596,25,300563,703,300606,599,603309,300451,693,600262,603876,300557,300278,300106,603326,786,526,300174,300525,600251,700,636,733,928,655,603606,300683,42,600283,300656,819,603308,554,300319,300585
2006-10-31,300490,603315,861,300315,795,603356,300137,615,300489,600227,612,300143,689,765,300498,300561,300662,300500,300690,565,983,155,300233,603885,707,300167,603335,603311,952,300017,300507,677,603218,632,586,882,600352,600896,600283,300501,653,603283,300589,832,985,300049,300399,760,911,23,59,603227,300557,603877,300116,793,603421,600292,756,687,603139,300362,300262,411,426,300278,415,971,600233,300597,300745,300733
2006-11-30,2051,2050,603315,300601,572,300057,300042,828,300030,833,300017,300009,300561,523,510,505,861,498,300730,882,300662,300657,300652,300633,918,603180,795,586,155,300137,300500,612,300507,677,300233,689,300142,638,300661,300123,300523,300691,603126,603337,300708,603225,300732,2837,300149,618,561,815,300680,509,557,300002,25,300080,409,603108,300750,300610,603335,300707,2186,895,971,300580,997,953,7,603885
2006-12-29,300730,300500,523,510,712,300633,719,429,731,300507,603180,416,760,767,300489,600319,920,795,155,600323,600841,689,300652,615,612,300233,623,630,632,300305,300143,538,300707,300519,572,603228,930,600333,603277,600238,807,603260,678,600296,594,668,862,300009,672,600276,300158,300692,300091,600197,166,300228,600258,511,300230,603131,618,300058,300680,501,400,300337,300042,603315,419,300490,603855,875
2007-01-31,630,632,600338,300633,300237,300233,600323,155,603303,300611,689,300167,300143,719,300137,726,731,603229,603228,603226,300498,300100,600328,300074,626,300652,523,600351,530,510,603888,300435,543,548,300697,603517,737,576,600262,600348,300692,300558,600276,300557,600319,603126,300535,603886,603579,602,300627,600901,300698,603208,603319,416,603159,920,300489,538,300372,835,300601,300080,300536,600293,300592,429,35,652,603527,603180
2007-02-28,603955,300143,889,882,861,300159,300137,603228,598,510,300100,300697,848,300074,300305,606,600331,795,603888,300167,590,300413,923,572,586,300344,569,600338,418,300059,921,300238,300233,603333,910,155,300330,603866,603912,593,600332,603877,576,600262,300612,300380,563,909,603558,603186,300606,300617,603278,962,426,776,600328,300507,763,585,603598,527,603179,603311,300102,300142,603229,300072,665,603298,300591,300237
2007-03-30,882,795,300635,300305,418,848,861,300611,300737,603355,300238,300233,603333,906,923,603303,155,300167,300159,300582,300143,300137,300648,300344,300649,767,572,586,590,606,603888,612,615,623,630,543,603518,600271,777,600262,869,603227,603218,300142,603339,790,300434,835,603912,539,950,540,987,300018,548,600275,300124,809,600331,300108,722,833,603517,300370,712,300059,889,910,300697,300505,300074,632
2007-04-30,603685,2098,2097,603959,300143,598,300137,606,300733,612,630,603167,623,300305,155,300652,300030,300649,300159,615,590,300167,300319,530,300344,543,523,603355,300238,510,300233,795,569,488,571,572,2189,300696,7,603618,300665,603605,603365,300448,673,158,300158,300434,600348,300596,300597,300580,576,902,603227,603444,300573,300460,603181,600243,300080,911,603933,300017,823,663,300737,300648,603333,861,300413,300100
2007-05-31,2101,569,562,300233,603320,603311,300117,572,603289,586,300167,590,300143,598,300137,300238,606,300262,600261,300641,300652,600338,300690,423,300448,300305,488,510,523,527,530,300320,300319,498,612,615,701,16,528,603316,300330,625,603605,603607,673,735,631,848,300312,300557,300438,300628,603600,300471,603518,166,300282,603515,600235,300080,916,960,603876,603596,901,603128,300435,600327,571,534,20,300582
2007-06-29,569,300167,615,612,300158,300143,598,300690,953,965,586,300652,300649,300635,300625,300624,300612,530,300080,300595,300593,523,510,498,423,300547,300030,300519,600338,2007,623,166,913,603858,795,300305,727,600230,300543,603369,938,300671,300516,801,300174,603536,993,300434,300597,300750,590,600016,693,538,600346,2802,603496,603421,300349,777,600005,603876,300263,300745,835,600235,600257,1,300498,418,923,882
2007-07-31,767,300117,612,615,603311,61,603320,623,510,630,603337,970,661,663,965,600338,300652,677,300080,300649,300143,300519,166,523,300593,155,300595,300158,300624,300625,586,603289,300635,603303,598,606,40,603567,300696,600230,300154,157,802,603507,603519,787,603579,607,520,603876,603299,600,603617,300437,2009,603108,711,300637,600243,600271,300174,2042,603139,735,300347,962,785,546,603929,600257,603421,300167
2007-08-31,300080,603556,798,523,603615,828,510,300592,300595,300593,498,880,603516,906,913,953,960,965,300335,300305,600338,166,2015,155,300547,600841,795,530,300448,603888,300649,300652,598,300635,612,569,621,300587,300326,531,600239,300002,2042,603605,620,300726,300330,300745,29,603326,778,300309,300022,300284,837,300557,300333,603348,578,948,511,300115,300142,993,897,600359,603389,603912,300625,868,606,677
2007-09-28,603888,300117,603311,498,968,300030,300017,603320,300635,507,510,795,300649,61,523,300652,300258,776,530,767,300624,760,600841,300049,895,300459,600250,300593,600225,300143,600338,300158,906,300592,913,300106,300451,818,99,300742,300412,584,673,300111,300434,600367,603611,603444,565,300683,518,600332,300520,300369,600259,603871,300516,300703,625,603238,603278,300109,158,600297,300282,300347,300330,300437,568,603116,166,715
2007-10-31,612,539,300017,300624,563,300346,569,300030,300355,300372,586,300374,300649,300652,598,300635,300039,300606,530,333,300143,600338,603228,300593,600250,300106,300595,498,507,510,300506,603168,523,300049,603516,300158,300513,300735,916,603363,300278,300234,603200,603259,618,600333,515,19,300097,603197,788,603880,603578,600015,603227,600276,603326,603337,837,153,603393,300042,786,686,713,902,300398,2189,300359,600247,719,300519
2007-11-30,600346,300158,603888,603886,510,300143,300141,950,723,498,726,2094,300124,603858,731,951,600343,300114,738,603228,300106,300707,760,600338,333,300675,767,2007,155,300652,603288,300648,603289,300117,300334,615,300368,2187,656,300481,300128,300239,407,600361,965,807,603345,300639,600235,547,300174,300107,300122,300354,600239,300335,600901,923,750,300063,603159,785,300683,300628,515,511,300597,603283,603421,576,603303,300649
2007-12-28,2166,661,523,300124,300635,530,300592,300143,300158,603886,68,539,300624,603888,993,603288,603289,603300,300612,807,300648,300106,971,600219,950,423,951,405,920,600343,498,600331,600338,300030,913,603858,607,25,547,300743,603368,600009,2005,929,2018,603369,300677,835,300628,600266,300327,300131,600390,600232,600,2154,300174,300636,2035,603348,600315,600333,599,300333,511,603421,600247,603126,673,603912,300258,767
2008-01-31,2174,2175,2172,300319,723,300635,726,603320,731,603311,300117,300624,738,715,300183,404,300606,603289,600338,760,300595,2187,776,155,300158,300143,795,405,603226,603387,685,603888,569,300448,603557,586,300008,678,300014,300227,701,786,300115,593,300549,300726,960,300739,600286,978,600366,919,603505,712,600232,300745,300520,600337,151,300684,2068,45,300263,2837,300022,600271,300429,300679,901,603858,68,789
2008-02-29,776,300635,920,300346,569,913,586,909,600333,300624,906,300018,600267,895,300106,612,615,620,603226,600219,300606,300595,300593,300372,300528,404,300547,498,993,600338,300548,300505,333,300554,510,300355,300682,2803,600016,300541,603929,300307,300384,600010,300154,300061,603168,2186,300617,411,400,600390,801,300686,578,560,300696,300591,300181,713,300278,780,537,300058,300649,300108,877,300334,300679,603936,603177,300304
2008-03-31,300548,300592,300397,300372,738,300635,300633,530,818,300624,2114,523,880,300346,510,603516,710,498,795,603860,300606,300528,603888,405,404,300309,600338,776,333,300595,300593,300525,2007,600333,586,2808,300142,848,540,603895,29,300672,686,883,600016,603309,600258,2186,600235,300035,300008,300293,603337,300094,939,589,300058,300549,603306,300266,603169,65,300174,300481,300649,16,678,300292,300354,603611,780,569
2008-04-30,600205,2861,600206,993,687,710,723,726,731,738,760,795,685,300592,866,895,900,906,776,679,663,662,405,420,422,488,498,505,510,523,909,530,612,615,620,623,300621,935,603380,518,565,603356,300692,567,956,600241,300628,416,600232,600235,300136,409,300637,300111,300181,576,300435,733,930,786,603871,300545,300568,603316,300675,856,300671,300745,300022,777,600,586
2008-05-30,2203,2208,488,505,510,913,909,950,900,895,530,888,300346,881,300619,523,498,626,300595,300158,2018,300571,600338,603289,300117,404,405,603311,603320,993,300589,422,426,300593,880,539,300360,936,300658,430,611,300481,935,300239,603238,300675,603877,2044,300713,737,603605,578,300363,300557,300558,600243,589,300094,300279,503,603559,780,930,787,603567,415,603926,300128,962,987,100,912
2008-06-30,2214,615,300633,300631,300117,300624,603289,659,156,155,153,661,663,603258,300143,679,510,685,687,603226,707,300062,710,300059,300635,300595,603311,630,523,603888,530,2798,539,540,498,488,600939,881,300713,603208,300610,300504,955,5,625,603126,300516,2074,978,506,733,600348,692,810,863,889,300167,300510,300163,801,895,600258,2005,300279,600359,603559,300239,2025,827,300081,883,603579
2008-07-31,523,603289,603311,404,630,603477,731,555,300624,738,626,623,760,659,776,603888,782,726,300633,600338,661,663,498,600333,300117,723,679,300062,685,2018,300143,300682,710,155,38,615,300314,600346,300310,300174,300686,2837,300262,2108,787,300300,300681,600236,886,23,652,935,409,300637,2092,786,600359,2012,300297,603586,600901,712,300625,777,561,603,55,300438,948,300547,300635,300593
2008-08-29,600000,623,615,612,2798,603895,603888,597,569,300746,555,551,300682,626,539,530,523,300633,510,300624,498,426,300595,410,404,300571,600338,600333,630,638,659,983,2004,2018,913,909,300033,300300,600016,300621,956,712,603258,90,603133,488,600235,55,568,603912,2039,600241,300149,603111,2108,603197,49,300636,300696,737,600278,603605,300181,603333,866,300204,810,300115,718,300039,2837,811
2008-09-26,2236,2238,2237,569,300062,300059,410,2798,597,612,300595,623,38,626,630,300571,603888,551,659,300746,600338,300143,300682,530,603289,300117,603311,603320,155,300624,523,555,661,615,663,913,300111,2178,2073,300312,603580,595,300163,667,166,25,2050,300114,300079,835,603605,603116,568,778,2012,33,2158,603871,603098,300061,603685,600206,2154,603111,603386,965,793,300352,603118,657,603668,869
2008-10-31,426,738,510,2018,760,498,421,776,300352,782,731,300059,300682,795,404,600338,300062,600195,155,300294,300592,410,523,726,530,615,623,626,597,630,637,659,661,663,2798,569,600366,791,411,600385,300039,826,409,600288,799,777,2049,68,2099,2023,300451,2059,300650,300692,819,600016,300314,600327,588,603960,300335,300528,564,603363,600901,300154,785,997,969,2024,2109,300167
2008-11-28,523,603289,38,776,300565,612,760,300117,615,617,603311,738,603320,731,728,661,726,623,710,626,699,600338,630,631,685,2798,300294,679,300352,659,155,723,410,300746,782,983,603286,668,300665,300409,300204,603586,600248,300637,897,488,300438,96,300108,300555,603559,711,561,603611,576,805,300163,409,2075,2861,603596,979,600327,300292,963,600197,987,300309,300111,600225,300429,603444
2008-12-31,659,661,880,663,300746,672,300592,600195,300595,679,523,685,155,699,710,2798,510,723,300117,426,738,760,603289,731,38,603320,782,795,498,300571,600338,300059,776,300143,530,569,300315,400,300628,600206,300747,603301,300108,300163,2102,997,2108,600346,766,971,796,2099,37,603232,25,300591,603477,600327,897,2007,5,600297,503,939,300097,600348,300460,100,600271,30,983,603311
2009-01-23,155,626,685,300448,682,510,38,300143,630,913,906,426,795,300690,530,600420,603289,659,661,603882,880,663,498,600354,679,300592,600283,600331,623,523,710,300352,723,738,300059,597,2125,553,818,603223,300111,300141,300600,2809,603568,300569,300114,300649,2174,300314,300013,300339,603519,300108,603,300659,603895,78,600265,300418,300438,561,698,603569,2036,511,863,300262,600327,987,603181,2009
2009-02-27,612,300746,630,626,623,615,597,300690,300059,523,510,498,426,300595,300571,600338,661,155,663,685,880,913,603289,300592,795,776,760,300143,300136,738,731,723,710,2798,603882,679,300001,29,542,603507,300278,603218,300369,732,300168,603444,300384,787,36,300141,600359,600276,786,600290,718,600235,300354,511,300122,300429,2070,300667,503,300458,603299,300699,987,930,2837,810,600271,600354
2009-03-31,682,498,300746,679,300117,685,426,710,723,38,731,663,738,2798,776,300571,600338,795,300592,880,155,906,913,760,300595,970,17,300143,300136,615,530,523,597,612,661,626,2067,300557,2158,971,600236,603558,600247,603365,300352,603579,600,2815,603301,600259,2007,877,603203,528,2186,55,540,603118,300634,735,513,561,600006,603232,810,712,300295,511,2099,300657,2073,300690
2009-04-30,600338,603289,615,970,672,300571,155,300595,913,661,623,626,679,300592,38,630,300334,498,795,776,510,760,685,637,738,523,731,723,710,426,612,2798,597,300059,300746,603598,2012,300094,300228,819,987,300597,300234,667,600006,300665,966,863,300016,939,578,66,300479,300667,603519,766,595,965,300163,300637,300262,2026,300061,793,962,300106,920,726,880,906,530,300143
2009-05-27,623,970,626,600297,300595,38,603421,615,612,300334,600322,597,563,630,300022,551,300448,523,300592,510,507,498,426,423,603606,300746,600338,555,637,155,300059,776,603289,17,685,300528,600260,600273,300204,603595,2109,300527,300338,821,33,793,600235,2041,300670,300499,407,59,552,600263,603416,600359,2077,603871,600307,300330,625,518,811,667,893,300352,600247,567,673,678,930,300039
2009-06-30,760,615,523,710,612,603606,300022,723,597,685,300746,38,300334,300448,603598,300578,600322,300592,603421,795,155,555,776,663,661,300571,970,600338,672,426,626,510,738,17,679,603289,520,600297,603890,503,895,935,603517,300528,751,2075,786,600281,600328,552,603309,2173,567,300035,603398,600405,667,600234,837,2098,603559,2210,300038,693,300016,300624,603507,716,423,498,630,623
2009-07-31,300059,603289,300571,760,38,600327,300022,776,555,970,600322,597,300448,300735,795,523,510,600298,300595,426,300334,600338,300592,603421,738,603606,155,603598,661,723,663,2840,626,672,679,615,300003,2097,300434,600247,300042,603169,868,300745,2149,603356,300278,628,59,600346,300152,300555,930,603116,693,300314,300621,600297,603359,736,603586,600361,698,603515,2127,2070,300460,603668,600197,603118,603278,657
2009-08-31,2251,2248,2250,523,679,603289,510,2840,426,300059,603421,603519,600338,300448,155,300494,600298,603606,300746,300334,555,300022,603598,672,710,723,731,738,663,760,661,776,795,798,802,300592,300679,2037,2219,668,987,757,603912,2108,2042,603356,300039,603488,300747,851,693,603339,570,600197,300158,600000,788,603126,600247,965,878,600429,300309,300295,603108,33,603877,2139,603309,300292,2070,300333
2009-09-30,2259,795,663,661,626,615,612,597,600241,300022,300334,2840,603598,600322,426,600338,155,672,679,603289,300735,603558,300448,300059,970,600298,300511,300592,300595,802,760,603606,738,731,723,710,877,300339,959,300671,779,300681,603536,300508,599,300158,300687,603301,300750,300292,300552,803,300617,603208,866,603339,2153,430,300586,300297,300635,50,603311,300650,603227,300745,785,603326,716,586,510,523
2009-10-30,685,731,300022,723,710,300571,300595,155,300059,679,672,300334,663,38,600338,657,600322,970,603421,626,615,612,426,597,600241,300746,600233,661,738,603606,300592,17,880,603598,300448,795,603677,33,300379,90,962,691,300372,603156,600258,603199,516,300580,821,2122,300150,2066,406,300750,56,515,2125,300620,963,787,2168,832,300670,504,300667,669,300499,600000,37,603177,916,603289
2009-11-30,600241,597,685,603598,710,300571,713,803,155,802,300059,723,776,731,738,38,760,795,300022,758,603606,426,603421,615,600233,612,300448,661,300334,300595,672,970,679,600338,17,300592,300131,826,586,603238,600209,600249,2051,300541,300556,603268,599,603890,737,766,851,300295,300712,657,603348,300097,603985,300649,603389,300637,5,300142,300659,2036,603617,603388,917,625,100,626,11,300746
2009-12-31,2291,600233,603606,300592,300595,970,300448,802,426,300571,600338,300003,155,300022,300059,603598,795,776,760,738,731,597,723,603421,710,685,612,615,679,672,663,661,603180,38,300334,4,600271,997,603919,2839,531,300290,300368,300433,45,600297,2233,971,603926,300527,300620,2032,600327,70,300158,655,603348,2031,2805,603429,300310,600286,600010,603595,19,300142,620,300597,300278,2185,603181,565
2010-01-29,2311,2310,2306,661,685,687,300571,300059,710,723,738,679,760,300022,420,795,802,731,603180,672,300003,663,657,631,615,155,612,300106,597,581,600338,300595,600233,426,603606,38,603339,61,600315,779,603871,2185,725,967,2128,300723,541,831,2186,300313,600206,300624,528,825,869,963,300109,2035,897,561,300297,300458,2154,50,517,600249,300743,2037,300163,966,300666,514
2010-02-26,38,603180,731,738,34,300571,410,776,615,612,970,603606,795,597,300334,600338,300592,802,603598,581,603421,155,723,661,300059,300448,672,426,710,679,685,300595,300022,663,687,17,2109,600315,300347,938,791,603126,300038,631,883,150,586,300434,600232,787,9,686,603100,600208,735,725,778,37,693,300304,300058,603181,603131,300158,783,300129,600276,300747,603912,50,786,760
2010-03-31,300334,776,597,663,710,155,300595,738,34,802,661,970,38,723,731,300413,581,300592,600338,410,600322,300059,612,300022,685,687,603421,615,426,300448,672,679,2187,795,300571,603606,300557,300131,785,2136,600230,300570,300424,300598,2221,903,600901,792,603286,768,603985,2084,539,603126,300036,600309,300624,300580,603586,600219,300508,300278,300038,300687,514,300586,58,300009,2847,600377,603648,17
2010-04-30,2361,2359,600966,600960,656,300059,34,38,615,612,597,603606,581,776,600322,300595,300571,300448,426,300334,603421,410,600338,661,300708,638,710,795,802,300592,856,882,738,731,970,723,600237,2021,300606,600212,300234,673,300129,300698,2104,541,603601,600217,600243,406,603520,300015,785,603218,2041,965,603339,509,2178,600253,300098,300509,962,603569,300620,409,600376,300263,600271,600230,166,920
2010-05-31,2377,2380,300523,776,795,34,802,807,38,300592,856,300334,603895,911,2040,738,300022,2106,300059,300448,603559,300258,426,155,603421,600881,970,731,882,300708,612,615,300571,638,300595,723,603617,300327,603131,78,2111,600276,968,837,620,603260,600225,300269,2174,300548,37,600350,690,300174,300363,300637,300587,756,300573,625,300624,708,300712,600331,603912,778,300141,603197,732,300131,300142,603606
2010-06-30,600973,600985,600983,2400,300523,600338,679,155,672,300258,603421,682,663,2868,300334,661,603399,638,685,713,776,795,807,300592,856,882,731,911,970,426,723,300022,2040,300059,2146,710,2314,600900,300374,300293,600212,2243,300432,2173,2887,2073,703,300489,811,2153,655,732,300545,300513,603223,2131,2075,561,11,802,916,2171,600222,300038,300514,825,763,300633,869,778,603359,787
2010-07-30,300025,600992,685,682,679,672,663,661,638,710,615,2826,581,300448,603895,426,300708,300707,600338,612,300496,1,723,300059,300523,2146,2040,300022,970,911,882,713,300258,825,807,795,300658,600239,300591,533,1896,2166,805,6,300330,300622,511,600350,300712,686,99,300266,918,712,300508,2238,2139,300555,727,603227,603519,603527,603585,573,600281,603648,801,886,300131,2070,2837,603289
2010-08-31,1,2040,612,34,615,672,300239,38,723,807,731,738,663,603226,600338,300059,795,661,300707,300708,300496,300719,603895,155,300022,776,300258,581,30,679,300618,882,300592,2826,911,685,2022,300625,958,2083,600234,603677,603168,600279,19,603229,300158,917,603337,300650,300686,796,32,584,600288,837,20,300741,300333,25,600362,619,603305,300279,708,300304,2042,594,603668,757,805,600271
2010-09-30,2448,2447,603895,30,776,300719,661,300595,300708,300707,38,300115,300448,663,600338,672,300667,2040,155,685,300618,300496,300258,679,603226,300059,682,300589,638,300592,612,713,600241,615,581,300521,420,566,300122,2903,858,66,2050,2806,300675,600321,300577,681,2143,733,600225,786,2803,603286,300129,603369,2154,300239,1896,956,600238,300429,675,701,300679,603100,300339,2024,917,600222,603421,723
2010-10-29,2014,731,600338,776,679,682,554,155,603180,300059,300571,620,615,300566,300521,603895,300448,612,672,300523,600241,603887,638,603226,300618,300719,300115,882,600903,300708,661,300707,970,663,426,300592,300340,600420,813,931,785,823,300118,600329,890,300181,300424,603389,820,603289,933,548,718,885,732,603160,2168,300082,2036,300508,883,300131,623,90,96,603359,2861,778,600197,300263,2809,728
2010-11-30,600406,603895,30,300618,300003,679,300496,2096,300448,2806,38,731,603226,581,155,2040,300592,795,682,685,713,600241,300708,300707,710,300648,672,738,300523,300528,807,620,948,638,603180,615,300527,600206,300064,430,929,2805,602,2024,300508,300234,603188,300743,526,961,300670,603936,603885,300739,600297,712,600197,300380,727,915,300649,2067,923,300034,603233,595,603399,300039,300666,300634,2221,166
2010-12-31,2860,601100,581,300523,300708,155,603895,300595,661,38,612,300022,300379,663,300589,686,685,638,2096,682,795,679,300059,300334,807,615,603611,620,30,300618,300258,948,300648,731,2040,300592,300631,300715,603168,2120,2042,2145,2087,300628,825,600261,588,2161,2001,600219,300100,2111,603388,2036,2219,2172,2135,968,866,603517,600210,300395,6,300750,603617,300039,803,603186,300635,594,300634,300131
2011-01-31,600392,2507,2505,2506,603991,620,686,300334,300648,707,300707,710,713,731,59,738,2085,598,300708,2403,300592,603887,795,603895,300258,300259,2210,300618,776,155,2806,615,2096,426,300721,807,300318,603515,300379,600405,603177,2011,11,923,300395,2803,300412,2125,603323,600261,300369,2203,600276,793,300230,300081,300314,603630,603665,600376,603239,600328,2227,524,600366,415,300585,300092,300528,300034,300666,300020
2011-02-28,2514,300059,615,612,300592,300448,598,38,581,551,2806,300571,905,620,603895,603880,426,300711,300708,300707,59,300595,600338,2085,948,300022,300648,603887,155,2210,300258,776,738,300334,731,713,2050,300418,2246,9,2135,514,600929,961,300028,300578,600016,300686,603939,727,603160,37,2047,300495,2024,300061,657,300354,2074,300606,300566,300184,2189,778,603,599,603985,300666,567,300649,539,300352
2011-03-31,2531,612,638,300711,38,300334,300592,300708,685,300707,300631,300618,300595,300571,58,155,59,300523,905,931,300429,679,68,426,948,970,2040,661,663,600338,300448,2085,603895,300305,600939,713,603516,733,886,546,300620,300268,300035,603356,300573,603232,599,603661,603316,300732,300124,300723,697,600418,600206,600230,603885,2221,300656,11,600197,732,826,300672,542,300585,300688,757,300120,658,569,603887
2011-04-29,2541,2540,2539,603639,601225,615,68,620,2403,600939,672,638,59,58,300448,661,663,2214,612,600243,300571,598,422,426,300701,300708,600338,600255,300618,603283,603895,300259,155,300258,300595,300334,600015,2125,600301,839,603233,2227,700,603516,603101,300380,300624,2272,300731,2033,300647,603876,539,300637,603305,603099,300636,300372,820,603200,300142,603180,603181,300179,300229,603131,300111,603611,699,300003,987,2040
2011-05-31,2838,2546,679,2055,38,783,40,600255,300305,300258,300059,300259,795,300571,300334,58,300578,428,155,300022,603912,603895,600338,810,776,300618,300595,68,422,905,300448,426,803,821,300592,970,300604,603180,300666,300395,600373,300508,300701,2081,300061,523,300630,300532,300124,565,11,300657,603579,300463,987,59,300606,618,2889,600319,600276,300429,603306,25,965,153,100,300530,2143,29,603359,300003
2011-06-30,300250,2556,738,300448,68,685,600290,551,710,58,713,603111,731,603477,300618,300595,679,300258,300259,672,612,615,620,600338,300334,598,2214,600939,155,638,300708,300305,661,600255,663,748,600206,2023,1696,791,2134,2362,503,2036,2019,300429,2135,778,300376,655,2193,300181,603197,2075,662,726,300658,600197,603305,429,407,603126,600392,2097,603507,603208,2341,757,300679,40,2387,300435
2011-07-29,300258,748,738,663,731,426,38,672,300525,679,300022,300097,685,2214,300595,2260,931,58,300305,300618,300259,600338,300448,155,713,68,710,300523,30,661,300592,795,799,581,5,551,600286,2890,722,300750,300064,300290,2556,2481,603515,2135,2882,601098,603283,300586,34,300558,603227,4,788,600221,963,2073,603156,797,2322,2067,2262,2861,300671,783,523,603232,603111,856,603895,612
2011-08-31,2575,2187,600338,748,300625,300547,738,615,300334,38,300258,707,839,799,603477,821,710,300525,300523,713,300595,518,58,948,300680,155,68,300059,300592,638,426,2260,5,2897,300708,776,900,153,2177,300307,2435,2293,600997,2055,2341,300206,600219,600297,603229,718,2172,829,723,2178,528,300380,300293,603131,300548,300649,300190,2012,300624,668,603507,600271,987,300618,300022,581,970,731
2011-09-30,2582,2584,300271,300272,2870,710,38,300097,713,821,300525,638,2187,799,600338,2897,300708,2083,58,300448,300625,600933,300136,948,810,68,300680,2260,603477,795,615,155,300592,757,300059,5,2351,2569,601398,557,612,2341,603579,603887,2350,300022,2420,300209,917,2307,601058,601138,2580,2127,600965,2432,2089,2422,828,2460,2488,2476,523,963,603585,2407,2147,300354,600366,2464,300523,300571
2011-10-31,2587,2589,300334,821,300592,663,426,661,948,2462,600338,638,155,993,603477,2428,68,620,600275,58,810,799,300578,795,685,551,300625,300595,707,672,546,710,600992,713,738,533,2076,2925,601086,630,2447,300628,300730,603580,300372,300665,300143,697,2464,518,2408,603232,150,2125,300320,751,534,300606,300162,2381,300692,514,600429,300501,601,801,968,931,166,603628,300258,300059
2011-11-30,2598,821,776,2428,738,68,715,2189,713,710,707,546,551,300595,685,679,600275,155,514,887,603477,426,2346,300592,410,600901,672,600337,300338,300334,799,600338,795,300525,810,38,2460,2599,2135,700,595,2094,659,300042,2056,601100,300327,585,2024,300263,300325,2897,600266,600199,553,2023,2323,21,20,2143,66,823,2390,2177,969,612,601138,300003,300295,726,603630,552
2011-12-30,600936,155,661,663,668,514,2179,672,68,679,685,300578,58,821,300568,2929,638,300592,300493,615,516,300708,603388,551,426,300097,603477,707,795,589,2189,603199,887,300601,600338,300595,2036,300698,2276,2058,300523,965,2343,601360,555,2129,300212,300134,2139,2055,300611,2488,540,600331,726,927,600322,300355,600258,600267,2869,923,150,600389,600005,603232,2106,803,832,600219,578,710
2012-01-31,615,38,300578,799,2179,300568,805,810,2189,821,58,300021,300592,877,516,795,2110,300334,300448,88,300097,965,300525,502,603316,980,993,155,426,2016,300493,68,35,803,661,603477,530,603887,513,691,603133,2168,912,300149,2229,498,780,603677,2855,2094,603665,43,757,151,750,2024,2147,603579,603208,2079,2114,600307,300363,621,603630,2861,300519,100,300622,987,603639,34
2012-02-29,2620,2619,300568,738,300670,155,300326,603663,551,300525,713,300493,963,965,58,2110,300595,603388,980,68,603266,600338,2179,600959,810,821,603238,661,805,426,638,516,603477,672,803,795,2138,603639,300603,603308,50,825,601318,2236,300333,600258,2128,2058,578,603393,2180,300620,600322,510,300167,718,2173,504,826,603181,37,300566,673,46,511,517,750,300732,2805,552,603098,300334
2012-03-30,2824,300628,795,2110,38,821,300595,810,615,713,300370,300012,58,300326,300670,68,88,300708,638,685,679,155,603477,300503,426,672,300493,600338,668,661,2809,35,300578,663,5,571,686,600978,573,300372,300061,300671,2236,603429,19,603,34,600197,300489,918,300234,603663,2488,603444,300078,653,603326,793,2127,2221,600396,2012,300697,514,2137,877,600959,608,603359,552,603286,856
2012-04-27,2634,803,600275,795,300370,300670,603477,300359,2110,426,810,300326,980,821,300708,300592,600338,2266,155,963,603316,300595,776,300578,300448,300503,615,638,300525,661,663,2431,601258,2061,672,679,788,600281,300106,726,653,300712,518,300573,300327,2468,14,25,29,300526,300017,300628,300479,300657,506,877,300510,300511,300028,300134,890,2221,300566,5,906,603309,300131,586,2137,36,883,600377
2012-05-31,603477,300592,35,300670,600275,38,821,300370,810,803,426,300359,795,596,615,300344,776,58,638,300326,738,300708,661,717,68,713,685,679,571,672,155,300493,2266,600338,300568,300525,601366,2584,603538,861,2500,2210,157,2463,868,300334,2077,300609,300412,300673,300143,300658,601138,588,603259,300717,2206,547,2178,862,300190,542,603258,603876,2137,2413,300688,2487,655,603959,625,2857
2012-06-29,601699,300326,2464,738,35,757,776,38,300595,795,300547,803,600338,300370,810,603477,821,58,300344,61,300592,155,300525,68,300708,300670,2110,603335,2157,551,571,2356,615,2186,603569,300568,2342,300321,2322,300196,601005,603458,300578,14,300267,601019,300271,300203,300334,603396,2891,300121,300058,2543,2925,601369,2841,2517,20,2223,726,2242,600979,601222,99,2573,603890,300290,603579,300712,682,713
2012-07-31,638,603335,35,38,600255,300326,300344,300055,300370,58,300708,300670,68,300659,426,2906,2908,300448,300595,300588,300568,155,603569,600338,551,2464,539,2356,821,810,803,615,795,776,300592,757,923,603516,400,2072,710,889,300616,603507,300496,607,300520,300514,600257,780,2452,503,600010,2173,600262,868,725,300042,603333,300511,594,818,300059,300163,300657,603139,603444,921,948,542,34,600243
2012-08-31,601225,300354,300263,738,661,603879,300588,155,2464,426,663,600255,38,668,821,300568,672,750,685,35,513,300469,300708,601218,300370,405,810,2110,803,300659,300670,615,600338,539,776,551,2154,917,600259,920,300626,603507,300168,786,600262,2090,603126,2164,603309,603305,300158,300028,807,300585,300002,300181,300292,300634,300115,300665,600243,603360,5,906,603866,863,300278,603378,856,300116,300592,300595
2012-09-28,601801,661,679,38,672,668,663,638,300670,615,300469,300448,300370,685,551,300354,300708,539,155,521,600255,2110,426,600338,300705,603259,300688,300106,35,2893,795,603879,821,10,810,803,778,2517,603360,620,600213,300698,300706,2415,603239,2027,300238,300673,429,32,603618,55,300163,603306,2077,2195,2167,587,603444,43,2176,300692,2092,34,300219,600429,300471,2259,962,300690,300094,716
2012-10-31,333,300469,821,600973,551,300273,35,776,38,672,300039,300370,300337,539,668,600255,663,825,603259,661,615,795,2893,426,598,750,300257,685,803,300705,300708,638,300675,300458,600338,810,727,300167,2432,300285,600362,2396,800,603131,300304,930,410,2172,916,603639,603955,600202,2481,43,600233,630,300344,300278,2049,601005,514,300499,300142,300688,603618,603866,603286,603098,300633,2032,2809,155
2012-11-30,600973,333,600338,600255,426,300448,300458,521,539,551,300588,598,615,300670,300675,638,825,821,661,663,810,668,672,803,679,300705,300708,685,795,776,38,35,738,2090,2155,601566,603318,300265,155,300206,300600,600326,2419,630,411,45,300115,600273,300633,600010,890,2261,600233,603288,2130,300163,300681,528,300634,623,603131,300042,919,300039,300022,300141,603955,603227,603289,300338,2048,2809
2012-12-31,661,300448,300705,300588,810,601628,35,38,601558,300470,2079,300218,821,961,2037,551,679,603188,600219,638,539,738,615,300708,2155,600899,685,783,2509,795,672,300670,603309,600255,663,426,2315,545,2130,601126,600233,300600,300380,300690,300496,600221,2285,300036,2511,600281,43,603871,2464,2560,300573,603348,671,2919,2224,603360,300634,603890,2271,603866,603617,514,34,600252,600377,300458,300617,2809
2013-01-31,663,38,661,300588,42,603300,603309,909,615,596,600322,300641,889,702,601628,521,672,715,300670,810,2037,2039,300698,300708,685,603926,426,821,2470,600338,603886,638,35,679,603298,603188,2448,300278,2835,600210,2387,300705,601000,601669,603396,300697,600219,300384,300571,601111,300573,603203,948,517,600392,603607,300470,603866,2493,603098,300616,300368,619,58,300681,601138,678,300520,962,96,300028,2837
2013-02-28,600322,300670,300525,603188,35,2213,603888,300314,603886,776,521,2921,795,799,810,2332,300181,889,603298,961,909,300698,551,715,539,702,603912,600255,17,679,10,685,2807,300588,2039,2118,300697,787,603360,300622,600405,2351,517,878,300334,411,514,2929,300091,603309,554,792,629,2415,157,603676,300292,603588,552,300342,819,300448,38,738,638,426,300708,672,661,821,615,600338
2013-03-29,300698,2132,300344,799,603298,679,300670,35,2118,601116,685,672,300584,300641,300539,2807,2919,521,761,551,603228,795,827,961,669,300588,663,2263,603886,603888,300609,300507,630,300314,601106,596,737,300078,603871,2389,603348,2159,2128,300458,2039,603360,600255,300163,603188,300238,933,603859,300573,300545,603606,300113,2186,300591,300568,2271,603885,2462,2035,300688,150,603100,300634,300249,300041,300183,878,716
2013-04-26,2579,35,2323,603579,732,300641,600963,300507,685,672,669,656,2605,2263,300525,300698,596,300552,551,603131,539,2807,603933,520,516,603888,603886,630,603266,2919,17,300584,300314,300588,601158,939,600203,2519,300665,906,300647,601069,715,923,300014,2563,603963,799,400,600210,2297,78,2043,601000,827,300516,2284,2469,2278,300743,603985,300679,300368,300199,2041,300041,2493,300499,576,663,810,679
2013-05-31,300273,551,300319,35,300440,300267,300552,600899,300314,603579,685,2579,603888,675,300507,300641,300277,300545,520,2217,656,600982,939,601116,600221,672,732,603518,603266,10,17,2012,603165,1965,539,300588,603988,300262,300589,606,603337,600350,2929,2128,600296,960,300657,2104,601218,600268,300712,738,603301,300573,553,300330,300111,600255,300139,2343,2919,2897,300687,603098,2164,300348,300567,2044,2102,37,2824,96
2013-06-28,603579,300588,300039,982,981,732,300319,300698,539,983,300193,551,2354,300285,917,656,300552,300545,2120,549,600420,407,2602,2036,2925,603477,685,520,300131,600980,710,2204,300605,603518,675,1965,601008,300314,2094,603636,603557,603197,603335,819,14,300615,300636,300569,600216,715,300078,2579,300743,2063,2227,603978,300583,300265,600926,601198,571,601669,410,2538,300511,2075,2415,968,930,2898,2809,300641
2013-07-31,2176,300552,600290,35,300354,2276,603929,2352,300231,603316,603165,603166,603383,685,917,2140,2204,672,600221,520,2354,2602,300273,848,603477,832,2286,895,2337,300039,300500,710,551,601118,2437,300319,2063,300249,2898,603398,300670,600210,619,2011,2252,300712,300713,663,166,2301,300612,300568,300679,819,603188,600896,2142,2270,600392,300131,300167,735,2427,20,600225,300390,300641,2542,2067,603286,10,539
2013-08-30,2176,300354,2602,2662,2868,603166,603165,732,547,2136,300039,300372,2352,601258,600276,2478,603136,2140,895,551,552,832,601038,2518,2158,2437,600262,300319,300327,300273,601628,600265,596,300500,2337,2514,88,603605,603339,686,300342,300156,600006,300330,300439,893,300205,930,300131,2147,2343,300679,916,506,300585,603661,300624,300567,603289,603569,600896,501,892,300548,600483,603578,2125,608,300491,300005,2855,2857
2013-09-30,2364,601117,2030,732,601258,2574,601808,603676,2437,2231,300327,50,996,600272,300354,659,603136,601677,603165,600936,300223,153,601699,601163,36,300039,688,685,603226,600408,600276,2256,2278,603606,300273,601628,603377,600396,600296,300001,96,300255,603630,2868,603444,2027,600896,603890,2125,300675,603578,426,2648,600265,603203,600233,869,615,603980,593,600006,600385,300333,600377,603108,603239,650,300147,300109,603668,2825,2855
2013-10-31,600272,300039,300273,601222,300649,153,2154,300657,2158,551,300640,600970,700,603606,603136,300372,50,601699,540,601258,2165,603676,600221,603165,300287,600212,2231,2176,300108,526,300295,2364,531,603721,2363,732,603338,987,2437,603160,564,300315,300641,300041,2574,548,542,300645,2092,2524,2857,501,603239,603203,2377,5,2869,300585,96,300712,603630,812,883,603289,603615,300266,300616,300020,300732,603866,603128,2855
2013-11-29,659,601558,2293,2468,786,600197,1696,502,603380,300287,300106,300039,2243,2565,300496,300045,300657,603136,603721,601010,603129,732,685,300108,2318,2320,300624,603676,2647,2410,600,601668,603165,603166,2628,600272,300149,601006,600980,2337,300290,600361,2122,2223,601360,300731,603616,300349,300094,300480,883,601020,603278,300117,603258,2898,300746,2173,603970,2246,600221,2576,961,2285,300688,300732,603628,965,603877,603663,612,2809
2013-12-31,300191,601375,2410,300273,300045,300287,2363,601558,2353,300319,600262,600260,2320,300624,300622,300618,2318,300106,2310,300108,300256,600903,603165,2468,551,601126,556,600,2628,659,2565,685,603129,700,603136,2542,936,2315,987,300283,527,300645,600926,300219,600255,595,601006,2041,603386,2530,540,300703,962,300701,600221,923,2595,603606,2459,300649,601199,603098,300665,600269,600243,300579,603890,426,603108,2233,29,603869
2014-01-30,2683,2680,2685,2677,603637,600597,300366,2675,2125,2915,300039,600000,300463,601002,300028,2900,300577,551,601010,2628,2912,151,2483,600903,2158,2536,2145,300045,488,300273,300618,600963,2542,300622,2930,514,300428,2898,600293,601500,600926,2228,2580,601666,603936,600268,300713,2899,96,12,2573,603466,2574,668,600378,300011,300732,600198,601126,33,950,300049,603895,68,601199,920,801,2399,603305,600006,863,685
2014-02-28,2893,601069,603165,2481,300202,2505,2158,600238,2155,300040,300039,514,732,2145,2132,603319,2125,488,300245,603131,403,2053,300235,2064,2468,600919,421,300028,2108,603518,2536,300221,2092,2592,2229,551,603200,2489,2480,601002,300238,2041,300545,600258,300315,300141,300690,2102,2133,737,600271,962,548,626,300579,300156,2240,300297,2040,603588,603393,96,603577,883,603306,673,619,851,600373,603869,650,600376
2014-03-31,601069,603165,732,300102,877,933,600233,2053,300040,2064,2092,2108,2132,2155,2920,601788,300332,2078,300039,686,300036,421,488,514,300500,600979,600978,300504,551,300202,556,600963,600,626,655,603133,603885,2158,541,2409,600380,300496,757,300266,603308,2306,599,828,504,506,2100,300633,668,678,2246,300612,2137,300061,623,912,300071,153,300439,300028,600222,300034,603569,600252,603286,699,2427,2837
2014-04-30,300211,783,788,2538,421,2534,300710,601368,2529,300448,823,2484,2481,300273,300044,300672,300670,877,556,2871,600900,600328,2877,600327,2455,300285,2898,600841,429,2563,488,750,601229,551,300500,603133,2005,600006,300292,2240,300635,2539,300102,939,2108,2166,300120,338,601336,300312,600307,2532,859,600222,300622,300650,2271,416,906,885,300380,300679,2067,300349,300543,601231,603393,20,919,153,2018,300633
2014-05-30,2078,601666,300448,300054,601718,600208,421,300112,300418,979,971,603505,429,933,600901,603456,2028,920,2035,601633,300500,300494,2113,300273,300491,2096,300036,300285,300291,2079,601567,603579,2067,300303,2057,2039,300283,600380,2812,300687,2391,603595,603606,300338,338,2271,300149,2444,504,603637,603876,2865,300144,600403,600926,626,600256,603877,300471,807,796,815,2154,300120,300439,300633,300039,300617,600,488,600420,600225
2014-06-30,2534,601666,300561,429,2270,600901,686,2132,603933,300556,601901,601333,2466,600361,2470,2544,701,2116,603133,300505,300213,752,600982,600983,2592,2096,601633,514,2588,603456,300710,300260,2587,2585,600313,2114,738,300639,2154,300622,693,601015,2632,300143,602,901,2035,413,600253,2365,300626,600233,603226,2102,869,2492,488,603393,2058,600220,862,300120,801,2865,300017,300688,709,502,811,2343,712,603181
2014-07-31,601633,603321,300241,603358,2012,2024,2039,2041,2065,2067,300314,600262,601901,965,601899,2116,601877,601828,601811,601801,601799,2217,601636,300308,300275,300273,300260,300319,2430,603309,949,541,551,554,558,588,679,300448,300485,300330,2387,603661,916,2238,603286,300617,848,2087,851,726,727,675,300263,415,603615,968,300001,2177,2857,2027,603277,603668,600420,2227,711,619,757,603116,797,603683,600377,661
2014-08-29,780,600220,300193,300189,601011,2217,601003,300519,2243,300505,300528,600306,600967,2265,2908,541,2292,300568,300576,600983,514,300500,653,601628,300308,300302,300301,2039,601519,300275,300043,300273,300271,2041,600901,601333,603648,2450,300679,788,300328,603186,600252,600396,2067,2278,621,2027,300448,300185,300338,300017,300330,600203,300711,603303,797,837,2809,603228,2043,603113,300588,300120,300162,968,600377,300543,300082,576,300319,732
2014-09-30,2891,404,601106,300179,300654,300181,928,2125,603306,2135,603308,600291,880,300634,300725,300738,300740,300741,300078,300077,2168,603871,603876,300440,603922,600220,300528,600917,300630,300595,300106,1696,997,514,600306,600967,600247,600252,2660,2857,600896,601199,2142,2908,601011,300234,36,501,818,712,668,767,948,856,300142,300688,5,600398,603858,603278,2032,603569,600401,300120,153,166,711,603980,300168,603661,603300,600369
2014-10-31,300051,2651,600361,2896,514,2898,2478,517,956,603233,2905,962,2168,965,2670,971,600936,2522,300110,2172,600268,300102,653,410,300576,300568,601336,300397,2233,909,300440,600903,601299,600220,426,928,603858,36,985,603160,603757,300439,600390,603239,2808,2427,803,2012,300258,603628,906,912,59,2450,2799,300005,300028,2070,300617,300634,603661,300685,100,2811,600288,2837,815,300170,603335,600398,300699,300147
2014-11-28,300261,600901,603306,498,300208,971,300020,965,603535,956,603528,300409,601558,600392,514,603500,909,517,603305,300110,2193,426,300302,601006,2035,2034,603298,601126,603586,2015,893,2009,603578,600291,300460,600000,603871,300710,601299,732,928,300150,920,600246,300699,300732,300548,300532,603685,880,300380,961,608,603378,300104,300471,603676,603239,603955,300615,600385,2837,300304,2832,2857,300009,603666,300745,603118,300003,708,300500
2014-12-31,2476,2287,2009,2288,426,603586,300591,600901,601179,300051,2136,600250,608,607,2137,506,603578,498,601108,601668,866,653,2401,2688,600354,2521,2406,407,300218,409,601558,626,2286,2133,300639,619,300682,300005,300330,603685,300706,831,603233,2809,600418,699,603506,603117,600269,600271,156,300699,600375,300720,2591,542,600260,600348,300174,600390,600376,300179,300181,300008,300745,921,2837,300460,600399,300150,603985,600401
2015-01-30,498,2638,588,601628,736,601108,998,502,2656,2657,980,506,979,971,603618,965,514,300262,300608,957,2626,2931,710,2565,600239,2580,2879,600975,300056,2588,2009,600965,2608,600963,600000,2622,839,2007,600392,300439,69,603912,600983,300493,603227,2610,37,300236,2805,300179,300571,300020,603637,2847,900,426,300585,787,936,603876,619,2008,300204,2898,2813,732,603228,600405,600810,711,2032,300001
2015-02-27,976,300434,736,2657,2682,2688,2199,2877,603516,2886,2890,300384,2893,300378,2931,300357,600965,712,300348,600971,710,600975,2647,603558,2638,603578,300591,420,2523,786,2532,2561,300569,600312,2565,2580,300723,600216,600392,603200,2705,522,603298,2341,538,300249,300598,653,2272,603506,600709,708,603860,711,819,300228,600233,603958,600307,300690,589,300262,552,965,603181,2343,603128,898,603228,2610,856,2040
2015-03-31,300545,600965,2381,2385,603558,927,600971,558,603578,2406,886,603508,601336,573,2521,2410,581,877,866,585,601311,587,588,300592,957,958,2532,2931,2890,300353,600000,503,2893,603516,601789,2193,603519,2008,2227,100,601238,300149,300624,426,600006,673,711,658,300600,300003,669,552,300349,601766,2837,300471,603569,300117,600390,300338,300266,2863,300034,708,603118,300348,603110,576,921,2857,300458,2855
2015-04-30,603533,300612,900,603527,300697,2124,2125,573,603516,2126,2678,2673,300014,588,300184,2654,2134,2136,2643,2623,2622,2619,300369,866,558,300687,601965,2102,601579,498,503,603259,300052,300450,2075,511,2262,421,601166,300699,300330,600197,600276,502,603110,957,600390,600399,815,300616,699,300712,300499,300229,600288,708,601231,786,600420,2869,603228,2043,608,300174,2427,300685,603668,2837,603677,603980,300009,603128
2015-05-29,601966,2593,2589,528,2587,2570,2565,2564,2559,2550,2549,2534,2532,2521,2515,2512,2483,2476,2470,2466,2449,2440,2428,2405,2606,2608,2619,2630,429,600992,600991,600983,498,600977,600971,503,300685,300548,300543,2098,603289,573,2538,300699,300688,2863,300471,2043,866,2343,600197,300633,600369,603668,603113,600376,2001,600196,688,5,300591,600222,2427,600348,683,600398,300082,603516,603116,603110,2809,2861
2015-06-30,300592,300499,603606,777,2538,300125,300113,2534,603868,2168,578,769,603605,2256,878,603131,2176,2521,2177,600301,848,2516,300370,2512,2508,601,603177,300708,300369,600219,2165,300100,300580,2552,300567,300571,917,863,600372,300186,603366,300163,969,300615,600375,2098,600348,688,603199,603890,527,2052,603918,732,600377,300617,603757,600425,2866,658,2048,603916,2815,300147,612,300120,906,2809,300174,600376,603128,588
2015-07-31,603278,603200,603188,2135,603177,756,300063,300059,750,300040,300039,2148,600219,603131,2156,2164,2168,2172,2176,2177,2179,600205,600207,2198,711,730,762,300100,766,2102,807,603319,802,801,300014,600233,300002,2052,300673,300082,2857,603985,869,603228,2591,603335,600281,600401,300682,885,603369,300008,300009,567,300183,600810,936,300330,2861,603866,2829,2837,2809,300116,621,300699,576,603365,603648,300147,600377,588
2015-08-31,2364,300667,600329,2348,300644,711,300635,300629,300624,2363,702,600332,701,698,697,300611,300609,2373,2374,2376,2377,687,2378,300619,2379,300683,2333,2289,603880,603878,600350,603606,603605,2186,600346,2307,300113,300633,300249,300358,2101,426,601231,300555,603181,300349,658,600225,600380,2898,885,603588,600418,603393,300168,2855,603615,603239,300003,603648,2026,603866,300120,600377,506,600366,603277,576,866,603128,300304,2470
2015-09-30,603320,603535,2212,300413,300399,603505,300125,600275,670,300372,679,668,2223,665,663,300370,661,600271,659,300360,2221,667,600221,600220,2201,2168,300493,2175,603596,2177,702,701,300480,698,697,875,300616,603378,300017,957,300131,2451,2811,953,510,603387,603110,300091,300219,820,300252,300358,576,19,603980,300304,936,600366,300042,601011,300633,866,2075,300182,300310,2464,2227,883,600398,300699,601005,603985
2015-10-30,2067,603535,603880,300413,2382,600305,618,603505,626,2377,300370,2690,888,2376,603466,300352,2373,2680,2662,603538,603879,2633,2407,603569,2640,600288,2646,858,2186,638,2399,862,863,300430,603605,300429,300543,300681,2228,600256,603657,300310,420,300297,901,600939,603308,501,765,300737,600373,2210,300017,2238,300424,300563,510,16,603398,300557,300116,300499,300204,600429,300292,600278,732,2857,603258,2835,603289,622
2015-11-30,603886,2447,2445,603859,2112,2115,2437,2432,2449,603879,2139,603677,679,603363,2417,670,1896,603880,2186,730,300740,603515,785,603505,2493,2077,300708,300713,300370,603477,2478,763,603466,2466,300352,600269,300720,600810,603398,2057,300049,603660,2648,300450,2498,2285,300222,2696,906,300424,603721,300692,2098,16,510,2223,300557,300327,600287,2829,603628,300703,603113,2427,600373,978,725,300014,300204,603676,837,601005
2015-12-31,989,300589,578,601258,2343,918,300740,913,2335,600200,601318,300251,603477,2324,603580,2832,600209,618,300255,888,603301,300370,2571,300643,600216,600023,600220,576,603586,2348,2174,300314,2530,1896,300661,1696,862,300691,2067,300270,797,300142,601398,600996,600255,2413,300376,600881,300682,603277,300703,953,300626,2176,300348,2070,603578,603955,2592,300609,2818,2300,2829,300131,603588,603486,906,621,300617,100,603916,514
2016-01-29,300661,600209,300065,300405,888,600200,300411,300434,913,2174,2172,630,918,603515,2832,2166,603505,603871,603488,300370,600212,528,2846,601858,601333,603580,300255,603928,601500,300306,601618,601668,300053,601717,420,2210,600984,546,2862,300573,300002,300167,885,2528,2208,300183,2223,785,658,2807,603916,972,600403,603866,600401,300330,912,300162,300292,603289,2815,600418,603637,2865,708,300439,603721,300699,2808,300145,300460,603668
2016-02-29,300635,2870,2447,881,2449,858,603225,300353,601866,2702,528,300708,2455,603218,300720,826,819,601949,2476,300740,603200,601991,603238,603198,2414,600230,957,300630,420,601618,300639,600236,2391,300649,300660,300661,2063,300078,2470,300597,600256,718,603466,2356,2300,2128,411,603866,2057,603387,603955,2652,300263,600207,300368,762,612,300335,300430,688,2032,839,300005,300617,603918,300082,600368,732,600396,603657,921,603668
2016-03-31,300411,603200,2035,2931,300708,2030,600963,601991,2017,2013,2037,603999,796,600998,300186,601949,1896,300113,807,998,601100,2009,300720,603198,601997,2846,603660,600727,601718,633,300410,2077,300406,2893,2926,2897,300592,2367,663,300430,2574,300328,300610,2227,603887,300601,2278,603311,6,810,515,623,718,603203,300348,601666,600257,2867,300183,600206,300566,300746,608,600423,600222,637,300278,2232,968,2427,921,2857
2016-04-29,981,2017,603393,2009,300295,300300,600262,300323,300324,300113,300357,977,547,300374,549,603488,971,603499,300390,603515,300126,957,559,951,300262,300016,2030,2037,300455,600211,600200,502,630,2176,2174,2172,300499,877,416,603970,539,600201,600248,655,488,623,600398,693,603886,2049,2169,2563,600196,2443,603966,600446,603738,969,839,2015,300046,622,300672,583,300649,300706,603818,603238,675,2660,603199,863
2016-05-31,2030,600200,547,2488,549,912,300338,909,300324,905,300319,600262,559,2479,300708,2471,565,2469,2210,881,300713,571,300300,300009,300295,2236,541,603477,2177,921,504,957,951,2155,300390,300402,2252,600703,720,2294,2261,603416,300660,600572,603368,600789,2282,2609,300645,2341,300354,880,300688,970,2040,731,300184,603606,603505,2221,2474,300597,300732,300123,668,906,608,300368,603300,603668,863,603985
2016-06-30,300686,547,2610,2593,2580,2574,2571,2554,2550,2532,2530,600775,559,2617,2518,2456,2433,2411,565,2353,2351,2343,2337,600590,571,2319,2313,2479,2311,2626,541,300242,709,601163,601155,601139,601616,600231,603606,600958,21,2474,600976,837,603188,300604,601398,603260,600212,962,603660,300479,600996,300601,600257,2289,16,600288,969,43,765,300034,2614,869,2866,603655,603966,2861,603985,603286,600810,603648
2016-07-29,2066,300545,300543,518,300539,792,300531,300527,300525,300288,601579,300302,300504,601588,601607,601666,300054,300331,600292,603579,601801,541,793,601811,601333,300566,300654,2920,600973,601005,601019,300624,609,601066,300209,601118,300549,2468,2861,2068,565,603183,150,2277,2213,802,557,2186,2602,603966,603335,420,2192,300144,600959,603515,785,2759,498,2817,300370,600258,2462,2812,600462,663,603999,603869,2075,600398,603486,718
2016-08-31,793,2341,300036,571,2353,603579,600292,963,600268,601268,601288,2595,600372,2594,2593,300504,609,931,300525,300527,2809,300002,2587,621,300438,2580,600286,2617,603496,600901,488,2018,2648,504,2017,300209,603657,679,2615,780,600368,300586,961,600651,2800,2851,600370,839,300241,2866,586,300469,600390,2411,2440,300134,300049,2246,600281,2270,2025,603160,600939,601881,603308,807,300143,300745,2075,600348,300009,921
2016-09-30,601139,600717,2695,2685,600589,2619,2595,2593,2587,2584,2571,2565,2554,525,2539,2537,528,2534,2521,532,2912,2915,2918,300712,300054,601666,600331,300308,601611,601588,300048,601288,601268,2489,600268,300221,600078,600318,300209,878,300170,2192,300148,2645,2866,603718,627,2170,300612,2413,300081,600509,300330,603301,600733,600939,802,2421,601099,600260,300679,722,603636,600222,603638,2761,601011,736,2459,997,603607,738
2016-10-31,541,300054,603876,601666,300308,600731,601588,2280,601567,300048,603886,2341,300668,300044,601336,650,525,601268,527,600268,504,2353,603855,2261,300658,410,411,600331,300445,300444,300436,300686,2618,600017,300401,2246,911,790,2655,2228,603128,600418,2247,43,2350,600209,300612,603636,603866,547,603308,300504,765,603918,2338,300145,971,603990,961,2450,916,300384,711,300548,600246,603980,603378,2811,603663,600375,600196,576
2016-11-30,300578,600055,532,600063,300472,600077,541,603111,2341,300445,552,557,600372,565,300034,568,300036,573,2809,554,525,300444,300442,601666,2489,601801,300616,2847,2474,2473,601881,601886,2456,300527,601968,504,300156,18,2527,801,2660,2087,2372,2450,637,603959,2063,2129,797,2247,2350,2772,600533,2271,2459,2067,300242,697,603378,600398,2865,2270,300438,166,603955,926,2232,300450,300172,603126,916,2858
2016-12-30,2360,600323,541,300624,2364,2343,2341,300637,552,554,300622,557,300658,2280,601881,2847,2261,603660,573,2246,300170,2302,600223,300616,534,300668,2598,300527,2592,603278,2547,2541,2534,300563,2404,300308,300649,300048,911,2780,801,2224,2788,300716,603303,600406,10,766,17,603898,43,603708,2024,2385,748,885,600217,603329,300680,600225,863,727,663,2075,2350,600973,600551,35,600459,600257,2227,300080
2017-01-26,300527,875,601268,300111,603999,600019,603223,300425,603218,601229,601228,811,600898,2897,730,819,603660,600223,300128,2760,2763,300392,600004,603616,300117,890,603289,971,603278,2809,903,900,600225,603617,2847,718,2448,600112,600781,2447,300266,600120,601099,2795,600238,893,300168,978,2130,600118,2271,2264,2853,600228,600217,600507,766,637,589,2711,827,600993,600115,601599,300199,2831,603659,300395,2870,948,600114,815
2017-02-28,665,603876,603886,2719,600196,300523,300527,603557,552,554,600351,2280,300483,2097,2547,603617,2364,600071,2750,300474,603289,2040,300563,600717,2700,603303,600969,2133,300480,600960,600478,300571,2695,300176,2127,2347,542,601330,300588,600810,600993,601168,600122,2433,2285,566,300729,603616,2791,603906,300706,2451,603160,158,501,603758,603365,629,2304,2832,2866,300682,600125,727,300349,600666,831,600392,623,419,2821,300183
2017-03-31,300052,2456,600982,300571,600960,300563,2473,600219,300548,2450,300546,300104,300539,603218,300536,2510,300106,300527,603223,300545,300051,300600,300616,673,2185,903,2343,900,665,601088,300698,509,2375,601086,2407,2428,2129,603898,2278,558,300170,2248,300205,600821,788,2731,892,573,2821,603398,2210,603683,890,300163,600199,978,300162,2614,300720,600286,603959,603906,600377,300120,600280,603789,300349,2241,603258,2860,600366,600292
2017-04-28,300454,2040,2026,2014,600219,300104,603218,300106,603223,2847,603660,673,600225,600004,603289,600235,509,2450,2041,603303,2047,665,600030,2127,300076,600035,600310,603886,600050,600063,300474,600071,2099,2094,2093,300487,2351,2198,2458,603580,300078,600939,594,2111,300212,300681,600829,603607,600416,300430,2823,2505,603556,2468,600208,603308,601001,699,603866,600252,2306,603959,600222,601011,2897,883,603100,603639,2356,2869,2311,608
2017-05-31,2087,2813,665,2463,673,300454,600050,2809,300464,685,600063,2450,300474,600071,2437,707,300487,2428,2364,2373,603128,2185,2381,2382,2468,2390,600133,2411,736,603883,603499,603886,750,300697,2469,600035,300117,2515,300597,638,603393,600704,600409,600584,300557,603100,2474,600372,2343,2811,603683,300433,300471,601878,300205,300681,603959,600978,619,601233,603869,603639,300703,2100,300298,603308,603955,600958,600222,300338,300633,300745
2017-06-30,2014,2656,2657,828,826,2689,2868,603128,2723,603677,2738,2743,2855,551,2846,600398,2890,2206,2926,600133,2931,565,300176,600981,600433,848,300624,600323,430,2573,2582,498,2584,300106,504,603218,2456,601988,2523,300189,600812,300061,600722,712,300500,603278,600307,2542,711,600933,300206,600633,300630,2903,300183,2870,2512,603208,545,2821,603005,903,552,603258,515,300333,567,300120,900,661,658,601233
2017-07-31,300119,2846,923,603337,2689,877,300262,848,931,828,300290,300295,300310,2510,603466,300368,300374,826,603499,300204,603303,2601,603789,2468,600219,2469,603218,300106,935,2715,2714,600740,300613,300113,998,300149,300739,600368,2696,600657,600973,55,2461,787,2126,300102,922,603011,2075,600319,2176,603181,600257,300428,300062,300357,903,636,2160,600372,300082,2808,300634,300094,300376,661,2356,785,300439,603677,600197,603656
2017-08-31,300448,2699,600113,2041,2040,549,600583,551,601222,2035,2714,2715,300685,2018,300697,300708,300717,1696,600051,300113,2738,998,2743,979,600125,600133,600323,2075,430,600901,498,2647,502,2890,504,2657,300500,600533,548,2752,300679,300612,600072,300149,601011,2563,2466,300682,2350,671,601766,300699,300153,2311,603656,601002,878,603100,600959,920,2125,300460,603908,2827,2142,603128,603955,2122,2029,2441,300543,300183
2017-09-29,2437,931,935,2868,601918,979,985,998,300113,1696,601890,601881,2846,2018,2035,2040,2041,600387,2075,300056,2094,2106,2108,603218,300106,2133,2189,2214,2219,2227,600986,600429,2875,300049,549,576,2461,803,2074,600568,2173,2150,2159,300290,603031,2097,300183,2319,600959,2269,600052,601636,2148,601618,600462,300682,2722,603313,2752,603817,58,2021,708,2125,600118,600593,603955,600220,300224,851,300460,300684
2017-10-31,600323,2036,2035,603499,549,2698,2699,2700,2821,2714,1696,300113,600387,998,576,2738,300039,985,603466,979,586,603789,2040,2657,2075,2809,600133,2159,601500,300276,430,600901,2154,300272,502,504,2017,603536,603808,600483,813,571,2227,2365,2625,2201,300508,600729,2823,300395,2775,2287,601229,2396,601000,600870,2311,725,780,300255,2176,300374,300606,10,566,2570,603108,603039,600366,166,600371,2096
2017-11-30,600323,300556,430,600901,600313,2657,502,300576,504,601099,601058,603709,2387,300605,300616,826,300554,887,300536,300207,300113,603499,985,979,2639,2346,968,601003,601168,935,931,586,300469,919,300210,300498,601199,2278,603528,600312,601838,2297,2266,701,300511,2582,916,778,2510,601116,2252,600220,300705,600387,300698,802,2094,300507,600996,601777,2480,2925,600639,711,2895,2650,828,603803,603789,2791,300450,603897
2017-12-29,300014,960,968,979,300113,1696,2002,300119,2037,2040,2063,2068,2125,2128,2133,2154,600200,600449,600396,603656,2387,603388,2362,2346,300039,603383,2321,2308,2276,2261,2253,2219,2322,2434,931,919,554,300507,2540,300535,601872,600002,2861,600665,903,300044,2228,2813,668,603389,300588,600726,2225,2617,300121,601857,300485,300148,2530,2799,600072,513,300116,300494,300082,600114,2498,300499,2827,300004,2469,415
2018-01-31,300039,2321,2330,600243,2322,300697,968,603331,586,600591,601881,300213,2532,600575,600388,603318,2309,2308,300210,300422,2538,601949,2542,2543,300435,601108,600617,558,2002,502,600012,504,601330,509,300554,300556,2467,603269,600970,601600,300653,300016,2067,600371,55,300153,600483,601001,2898,300083,300004,2478,600422,603259,600459,791,603936,2639,600606,2550,692,300392,709,2573,600409,623,510,826,300042,603232,405,576
2018-02-28,600104,2570,931,2567,600173,2932,600622,300013,2555,300049,603606,600617,2543,928,2538,2163,603499,2883,600997,601727,300041,756,601998,603605,919,601038,599,300576,603877,2154,560,558,2625,2624,2126,603656,603690,300273,2102,601877,300260,300209,300240,600462,2396,600999,600678,300701,600986,300255,601229,2300,2533,600664,600209,2617,2639,869,2495,300206,601878,2435,2931,551,300149,300131,2867,2440,603737,300116,300258,805
2018-03-30,2177,534,2050,603828,600570,300174,2508,2063,300014,2068,2495,300698,603306,2488,2484,300204,603318,2473,2078,300697,558,300688,560,2086,600543,2087,2047,300237,738,2040,603877,504,603606,600622,603605,2227,603369,2194,300653,601777,601006,603718,661,601360,600936,601800,600207,600815,300690,606,37,601011,300228,2102,603868,600361,779,411,600266,300199,2474,510,300267,603329,2665,537,603333,2142,300491,300220,968,718
2018-04-27,2391,685,931,2068,603879,756,2547,2655,300504,2555,2564,2078,738,558,2917,560,300224,2086,600313,2087,2227,601500,2219,2223,300649,2214,573,2543,300003,2925,2063,504,600963,601881,600832,603367,600120,2041,2042,300491,600288,2186,833,2239,603616,2114,300206,601811,600257,565,300659,895,300116,300600,300220,300598,668,300500,848,603605,2853,600998,2473,2098,863,2867,2146,600286,600396,601599,805,603648
2018-05-31,2727,300635,2108,300135,517,300641,520,600327,715,603444,300649,703,701,300327,300675,600984,300684,600980,534,300654,2112,2547,300334,928,2415,410,756,300017,300202,931,600832,300014,603466,300348,300041,600323,2417,300412,600815,2401,600286,2685,600710,600969,300197,600665,2126,600201,827,779,2670,603585,2656,589,2064,2570,603929,2221,2853,603393,603579,2068,300261,2445,601010,2665,600234,2229,2517,650,668,603228
2018-06-29,600621,603602,2917,573,581,997,600247,300262,603383,300277,2265,600933,300014,608,603444,300334,600832,603890,300348,621,2273,2274,2772,600583,603879,600838,560,558,600639,504,2217,300097,300202,2214,517,603218,2878,2731,300095,603808,2140,601616,2338,2445,2890,2450,2061,600199,785,801,2458,300210,851,552,300460,2491,300148,300585,300706,603329,2517,2048,300258,300556,601010,300333,2176,600998,300082,300145,600206,2916
2018-07-31,300654,2112,600323,300013,600639,603444,2333,300334,300635,701,300056,2323,2631,685,600822,2628,600436,300615,300135,715,420,2847,300686,300353,2067,404,601028,2078,600181,300658,300277,2375,300656,2086,2227,2372,2727,600426,2657,2669,2102,628,300429,2265,300209,300243,2812,600232,2917,603010,2598,600804,838,600157,2596,63,632,631,600666,600893,600615,600476,600673,603088,601939,2208,600667,600861,2077,300189,587,2625
